Académie;Département ;Série ;Sexe;admis;présents;Session;pourcentage d'admis
NANTES;SARTHE;BAC ES;2;460;518;2009;88,8030888
BESANCON;HAUTE-SAONE;BAC ES;2;167;199;2009;83,91959799
DIJON;SAONE-ET-LOIRE;BAC S;1;3;11;2009;27,27272727
DIJON;SAONE-ET-LOIRE;BAC ES;1;3;5;2009;60
NANTES;SARTHE;BAC L;1;10;11;2009;90,90909091
GUADELOUPE;GUADELOUPE;BAC S;1;60;66;2009;90,90909091
DIJON;NIEVRE;BAC S;2;1;4;2009;25
CRETEIL;VAL-DE-MARNE;BAC S;1;430;506;2009;84,98023715
CRETEIL;VAL-DE-MARNE;BAC ES;1;203;231;2009;87,87878788
CRETEIL;VAL-DE-MARNE;BAC L;1;1255;1535;2009;81,75895765
VERSAILLES;VAL-D'OISE;BAC L;2;233;239;2009;97,48953975
VERSAILLES;VAL-D'OISE;BAC ES;1;1;6;2009;16,66666667
VERSAILLES;VAL-D'OISE;BAC S;2;629;735;2009;85,57823129
CORSE;CORSE-DU-SUD;BAC ES;2;1;2;2009;50
CORSE;CORSE-DU-SUD;BAC L;1;153;156;2009;98,07692308
CORSE;CORSE-DU-SUD;BAC S;2;5;13;2009;38,46153846
CORSE;HAUTE-CORSE;BAC L;1;10;32;2009;31,25
CORSE;HAUTE-CORSE;BAC ES;1;78;84;2009;92,85714286
LYON;RHONE;BAC L;2;102;123;2009;82,92682927
LYON;RHONE;BAC ES;2;1;3;2009;33,33333333
CRETEIL;SEINE-SAINT-DENIS;BAC ES;1;26;29;2009;89,65517241
STRASBOURG;HAUT-RHIN;BAC ES;1;15;15;2009;100
STRASBOURG;HAUT-RHIN;BAC S;2;5;6;2009;83,33333333
CRETEIL;SEINE-SAINT-DENIS;BAC S;2;641;746;2009;85,92493298
CRETEIL;SEINE-SAINT-DENIS;BAC L;1;495;523;2009;94,64627151
TOULOUSE;HAUTES-PYRENEES;BAC S;1;71;76;2009;93,42105263
TOULOUSE;HAUTES-PYRENEES;BAC ES;2;20;61;2009;32,78688525
MONTPELLIER;PYRENEES-ORIENTALES;BAC S;1;292;337;2009;86,64688427
MONTPELLIER;PYRENEES-ORIENTALES;BAC L;2;2;7;2009;28,57142857
STRASBOURG;BAS-RHIN;BAC S;1;992;1286;2009;77,13841369
LA REUNION;LA REUNION;BAC ES;2;671;906;2009;74,06181015
STRASBOURG;BAS-RHIN;BAC L;2;20;23;2009;86,95652174
STRASBOURG;BAS-RHIN;BAC ES;1;0;1;2009;0
CLERMONT-FERRAND;PUY-DE-DOME;BAC S;1;332;379;2009;87,59894459
CLERMONT-FERRAND;PUY-DE-DOME;BAC ES;1;1;1;2009;100
MARTINIQUE;MARTINIQUE;BAC L;1;1111;1210;2009;91,81818182
MARTINIQUE;MARTINIQUE;BAC S;2;772;870;2009;88,73563218
GUYANE;GUYANE;BAC ES;1;106;114;2009;92,98245614
BORDEAUX;PYRENEES-ATLANTIQUES;BAC L;2;3;7;2009;42,85714286
DIJON;NIEVRE;BAC ES;1;95;99;2009;95,95959596
DIJON;NIEVRE;BAC L;2;515;551;2009;93,46642468
LILLE;NORD;BAC ES;1;2;4;2009;50
LILLE;NORD;BAC S;1;59;78;2009;75,64102564
PARIS;PARIS;BAC L;2;525;593;2009;88,53288364
PARIS;PARIS;BAC S;2;152;200;2009;76
ROUEN;SEINE MARITIME;BAC S;2;3;11;2009;27,27272727
ROUEN;SEINE MARITIME;BAC ES;1;32;39;2009;82,05128205
VERSAILLES;HAUTS-DE-SEINE;BAC L;2;1;2;2009;50
CAEN;ORNE;BAC S;1;0;1;2009;0
CAEN;ORNE;BAC L;2;934;969;2009;96,3880289
LILLE;PAS-DE-CALAIS;BAC S;2;10;11;2009;90,90909091
LILLE;PAS-DE-CALAIS;BAC ES;1;2;2;2009;100
LILLE;PAS-DE-CALAIS;BAC L;2;4;9;2009;44,44444444
AMIENS;OISE;BAC S;2;652;669;2009;97,45889387
AMIENS;OISE;BAC ES;2;49;77;2009;63,63636364
AMIENS;OISE;BAC L;2;4;17;2009;23,52941176
CAEN;ORNE;BAC ES;2;253;260;2009;97,30769231
VERSAILLES;YVELINES;BAC S;2;7;10;2009;70
VERSAILLES;YVELINES;BAC L;2;12;23;2009;52,17391304
CRETEIL;SEINE-ET-MARNE;BAC S;2;6;12;2009;50
CRETEIL;SEINE-ET-MARNE;BAC L;2;10;27;2009;37,03703704
VERSAILLES;YVELINES;BAC ES;1;0;2;2009;0
NANCY-METZ;VOSGES;BAC L;2;0;3;2009;0
NANCY-METZ;VOSGES;BAC S;2;99;112;2009;88,39285714
DIJON;YONNE;BAC ES;1;0;3;2009;0
NANCY-METZ;VOSGES;BAC ES;1;1;2;2009;50
DIJON;YONNE;BAC S;2;2;4;2009;50
BESANCON;TERRITOIRE DE BELFORT;BAC ES;1;1;3;2009;33,33333333
BESANCON;TERRITOIRE DE BELFORT;BAC L;2;5;6;2009;83,33333333
AIX-MARSEILLE;VAUCLUSE;BAC S;2;2;4;2009;50
AIX-MARSEILLE;VAUCLUSE;BAC ES;2;58;63;2009;92,06349206
AIX-MARSEILLE;VAUCLUSE;BAC L;2;1576;1691;2009;93,19929036
POITIERS;VIENNE;BAC L;1;37;38;2009;97,36842105
NANTES;VENDEE;BAC ES;2;231;242;2009;95,45454545
POITIERS;VIENNE;BAC S;1;26;28;2009;92,85714286
LIMOGES;HAUTE-VIENNE;BAC S;2;400;403;2009;99,25558313
LIMOGES;HAUTE-VIENNE;BAC ES;2;2;8;2009;25
LIMOGES;HAUTE-VIENNE;BAC L;2;3;4;2009;75
VERSAILLES;HAUTS-DE-SEINE;BAC S;1;63;73;2009;86,30136986
VERSAILLES;HAUTS-DE-SEINE;BAC ES;1;5;9;2009;55,55555556
VERSAILLES;ESSONNE;BAC ES;1;97;111;2009;87,38738739
VERSAILLES;ESSONNE;BAC L;1;29;30;2009;96,66666667
VERSAILLES;ESSONNE;BAC S;1;6;6;2009;100
GRENOBLE;SAVOIE;BAC S;2;29;30;2009;96,66666667
GRENOBLE;HAUTE SAVOIE;BAC ES;1;3;4;2009;75
GRENOBLE;SAVOIE;BAC L;1;1;2;2009;50
GRENOBLE;HAUTE SAVOIE;BAC S;2;88;101;2009;87,12871287
GRENOBLE;HAUTE SAVOIE;BAC L;1;3;5;2009;60
LYON;AIN;BAC ES;1;0;2;2009;0
LYON;AIN;BAC S;2;108;115;2009;93,91304348
GRENOBLE;ARDECHE;BAC S;1;60;68;2009;88,23529412
CLERMONT-FERRAND;ALLIER;BAC ES;1;18;18;2009;100
CLERMONT-FERRAND;ALLIER;BAC S;1;5;9;2009;55,55555556
AIX-MARSEILLE;ALPES-DE-HTE-PROVENCE;BAC S;1;4;6;2009;66,66666667
CLERMONT-FERRAND;ALLIER;BAC L;2;215;241;2009;89,21161826
AIX-MARSEILLE;HAUTES-ALPES;BAC S;1;2;2;2009;100
NICE;ALPES-MARITIMES;BAC L;2;0;3;2009;0
NICE;ALPES-MARITIMES;BAC S;2;2;4;2009;50
GRENOBLE;ARDECHE;BAC ES;1;1;1;2009;100
GRENOBLE;ARDECHE;BAC L;2;1;1;2009;100
REIMS;ARDENNES;BAC L;1;1;1;2009;100
TOULOUSE;ARIEGE;BAC ES;1;604;623;2009;96,95024077
TOULOUSE;ARIEGE;BAC L;2;1054;1193;2009;88,34870075
REIMS;ARDENNES;BAC S;1;178;210;2009;84,76190476
REIMS;AUBE;BAC L;1;107;119;2009;89,91596639
REIMS;AUBE;BAC ES;2;88;91;2009;96,7032967
MONTPELLIER;AUDE;BAC ES;2;2;8;2009;25
AMIENS;AISNE;BAC ES;2;3;9;2009;33,33333333
MONTPELLIER;AUDE;BAC L;2;32;32;2009;100
MONTPELLIER;AUDE;BAC S;1;330;365;2009;90,4109589
TOULOUSE;AVEYRON;BAC S;2;2;2;2009;100
AIX-MARSEILLE;BOUCHES-DU-RHONE;BAC ES;1;13;14;2009;92,85714286
AIX-MARSEILLE;BOUCHES-DU-RHONE;BAC S;1;1;1;2009;100
CAEN;CALVADOS;BAC S;1;9;10;2009;90
CAEN;CALVADOS;BAC L;2;0;2;2009;0
CAEN;CALVADOS;BAC ES;2;1;4;2009;25
CLERMONT-FERRAND;CANTAL;BAC S;1;2;10;2009;20
POITIERS;CHARENTE;BAC S;2;471;518;2009;90,92664093
POITIERS;CHARENTE;BAC ES;2;51;54;2009;94,44444444
CLERMONT-FERRAND;CANTAL;BAC ES;1;215;239;2009;89,958159
POITIERS;CHARENTE-MARITIME;BAC L;2;176;195;2009;90,25641026
POITIERS;CHARENTE-MARITIME;BAC S;2;4;7;2009;57,14285714
DIJON;COTE D'OR;BAC S;2;169;180;2009;93,88888889
RENNES;COTES D'ARMOR;BAC L;2;24;24;2009;100
RENNES;COTES D'ARMOR;BAC ES;1;28;33;2009;84,84848485
LIMOGES;CREUSE;BAC L;2;157;178;2009;88,20224719
BORDEAUX;DORDOGNE;BAC S;2;0;2;2009;0
BORDEAUX;DORDOGNE;BAC L;1;3;3;2009;100
BESANCON;DOUBS;BAC ES;1;0;2;2009;0
GRENOBLE;DROME;BAC S;2;90;91;2009;98,9010989
LIMOGES;CORREZE;BAC S;1;17;17;2009;100
ORLEANS-TOURS;EURE-ET-LOIR;BAC ES;1;6;13;2009;46,15384615
ROUEN;EURE;BAC ES;2;127;134;2009;94,7761194
ROUEN;EURE;BAC S;1;38;46;2009;82,60869565
RENNES;FINISTERE;BAC S;1;47;50;2009;94
ORLEANS-TOURS;EURE-ET-LOIR;BAC L;2;61;62;2009;98,38709677
RENNES;FINISTERE;BAC L;2;123;146;2009;84,24657534
MONTPELLIER;GARD;BAC S;2;19;21;2009;90,47619048
MONTPELLIER;GARD;BAC ES;1;62;86;2009;72,09302326
MONTPELLIER;GARD;BAC L;2;80;91;2009;87,91208791
GRENOBLE;DROME;BAC ES;1;0;1;2009;0
TOULOUSE;HAUTE-GARONNE;BAC S;1;9;11;2009;81,81818182
TOULOUSE;HAUTE-GARONNE;BAC ES;2;1;4;2009;25
TOULOUSE;HAUTE-GARONNE;BAC L;1;112;136;2009;82,35294118
TOULOUSE;GERS;BAC S;1;1;2;2009;50
TOULOUSE;GERS;BAC ES;1;1;2;2009;50
TOULOUSE;GERS;BAC L;2;21;27;2009;77,77777778
RENNES;FINISTERE;BAC ES;2;9;10;2009;90
MONTPELLIER;HERAULT;BAC S;1;0;1;2009;0
RENNES;ILLE-ET-VILAINE;BAC L;2;425;444;2009;95,72072072
ORLEANS-TOURS;INDRE;BAC S;2;11;25;2009;44
ORLEANS-TOURS;INDRE;BAC ES;1;18;39;2009;46,15384615
RENNES;ILLE-ET-VILAINE;BAC ES;1;655;748;2009;87,56684492
ORLEANS-TOURS;INDRE-ET-LOIRE;BAC S;2;363;409;2009;88,75305623
ORLEANS-TOURS;INDRE;BAC L;1;95;114;2009;83,33333333
ORLEANS-TOURS;INDRE-ET-LOIRE;BAC L;2;140;160;2009;87,5
MONTPELLIER;HERAULT;BAC L;2;120;127;2009;94,48818898
GRENOBLE;ISERE;BAC S;1;1;3;2009;33,33333333
BORDEAUX;LANDES;BAC S;2;275;298;2009;92,28187919
BESANCON;JURA;BAC ES;2;159;175;2009;90,85714286
ORLEANS-TOURS;LOIR-ET-CHER;BAC S;1;111;130;2009;85,38461538
ORLEANS-TOURS;LOIR-ET-CHER;BAC L;1;12;12;2009;100
LYON;LOIRE;BAC S;2;305;333;2009;91,59159159
NANTES;LOIRE-ATLANTIQUE;BAC ES;2;1;1;2009;100
TOULOUSE;LOT;BAC L;1;5;5;2009;100
ORLEANS-TOURS;LOIRET;BAC ES;2;31;33;2009;93,93939394
ORLEANS-TOURS;LOIRET;BAC L;1;2;3;2009;66,66666667
CLERMONT-FERRAND;HAUTE-LOIRE;BAC ES;1;3;9;2009;33,33333333
CLERMONT-FERRAND;HAUTE-LOIRE;BAC S;1;28;28;2009;100
CLERMONT-FERRAND;HAUTE-LOIRE;BAC L;1;0;2;2009;0
NANTES;LOIRE-ATLANTIQUE;BAC S;2;0;0;2009;#DIV/0!
NANTES;LOIRE-ATLANTIQUE;BAC L;1;30;31;2009;96,77419355
CAEN;MANCHE;BAC ES;2;4;6;2009;66,66666667
REIMS;MARNE;BAC ES;1;4;5;2009;80
REIMS;HAUTE-MARNE;BAC S;1;506;556;2009;91,00719424
REIMS;HAUTE-MARNE;BAC L;2;95;99;2009;95,95959596
NANTES;MAYENNE;BAC S;1;24;24;2009;100
NANTES;MAYENNE;BAC L;2;0;0;2009;#DIV/0!
BORDEAUX;LOT-ET-GARONNE;BAC ES;1;155;185;2009;83,78378378
MONTPELLIER;LOZERE;BAC ES;2;337;397;2009;84,88664987
BORDEAUX;LOT-ET-GARONNE;BAC S;1;0;0;2009;#DIV/0!
MONTPELLIER;LOZERE;BAC L;1;3;7;2009;42,85714286
NANTES;MAINE-ET-LOIRE;BAC L;2;490;538;2009;91,07806691
CAEN;MANCHE;BAC S;1;638;695;2009;91,79856115
TOULOUSE;TARN-ET-GARONNE;BAC ES;2;584;610;2009;95,73770492
NICE;VAR;BAC L;1;0;1;2009;0
TOULOUSE;TARN-ET-GARONNE;BAC S;2;209;216;2009;96,75925926
NICE;VAR;BAC S;1;52;56;2009;92,85714286
POITIERS;DEUX-SEVRES;BAC ES;1;616;737;2009;83,58208955
POITIERS;DEUX-SEVRES;BAC L;2;9;9;2009;100
AMIENS;SOMME;BAC ES;2;2;4;2009;50
AMIENS;SOMME;BAC L;2;5;7;2009;71,42857143
AMIENS;SOMME;BAC S;2;4;7;2009;57,14285714
TOULOUSE;TARN;BAC ES;2;2;3;2009;66,66666667
MARTINIQUE;MARTINIQUE;BAC ES;1;51;59;2009;86,44067797
GUADELOUPE;GUADELOUPE;BAC L;2;2;2;2009;100
NANCY-METZ;MOSELLE;BAC S;2;192;195;2009;98,46153846
NANCY-METZ;MOSELLE;BAC ES;2;2;5;2009;40
NANCY-METZ;MOSELLE;BAC L;2;3;9;2009;33,33333333
NANCY-METZ;MEURTHE-ET-MOSELLE;BAC ES;2;9;19;2009;47,36842105
NANCY-METZ;MEURTHE-ET-MOSELLE;BAC S;1;2;3;2009;66,66666667
RENNES;MORBIHAN;BAC L;2;159;169;2009;94,08284024
RENNES;MORBIHAN;BAC S;1;10;15;2009;66,66666667
NANTES;SARTHE;BAC S;1;0;1;2009;0
GUADELOUPE;GUADELOUPE;BAC ES;1;1;1;2009;100
CORSE;HAUTE-CORSE;BAC S;2;10;10;2009;100
NANCY-METZ;MEUSE;BAC S;2;1;1;2009;100
STRASBOURG;HAUT-RHIN;BAC L;1;1;3;2009;33,33333333
MONTPELLIER;PYRENEES-ORIENTALES;BAC ES;1;3;3;2009;100
CLERMONT-FERRAND;PUY-DE-DOME;BAC L;1;1;11;2009;9,090909091
BORDEAUX;PYRENEES-ATLANTIQUES;BAC S;2;3;8;2009;37,5
BORDEAUX;PYRENEES-ATLANTIQUES;BAC ES;1;25;28;2009;89,28571429
LILLE;NORD;BAC L;1;2;5;2009;40
ROUEN;SEINE MARITIME;BAC L;2;8;11;2009;72,72727273
CRETEIL;SEINE-ET-MARNE;BAC ES;2;3;5;2009;60
NANTES;VENDEE;BAC S;1;192;218;2009;88,0733945
POITIERS;VIENNE;BAC ES;2;240;268;2009;89,55223881
LYON;AIN;BAC L;1;80;99;2009;80,80808081
AMIENS;AISNE;BAC L;1;3;6;2009;50
AIX-MARSEILLE;ALPES-DE-HTE-PROVENCE;BAC L;2;2;7;2009;28,57142857
AIX-MARSEILLE;ALPES-DE-HTE-PROVENCE;BAC ES;2;4;7;2009;57,14285714
AIX-MARSEILLE;HAUTES-ALPES;BAC ES;1;6;6;2009;100
AIX-MARSEILLE;HAUTES-ALPES;BAC L;1;573;666;2009;86,03603604
NICE;ALPES-MARITIMES;BAC ES;1;1;2;2009;50
REIMS;AUBE;BAC S;2;69;74;2009;93,24324324
AIX-MARSEILLE;BOUCHES-DU-RHONE;BAC L;1;1;2;2009;50
POITIERS;CHARENTE;BAC L;2;5;10;2009;50
CLERMONT-FERRAND;CANTAL;BAC L;1;323;363;2009;88,98071625
POITIERS;CHARENTE-MARITIME;BAC ES;2;2;4;2009;50
ORLEANS-TOURS;CHER;BAC S;1;28;28;2009;100
DIJON;COTE D'OR;BAC ES;2;32;32;2009;100
DIJON;COTE D'OR;BAC L;2;244;261;2009;93,48659004
RENNES;COTES D'ARMOR;BAC S;1;38;41;2009;92,68292683
BORDEAUX;DORDOGNE;BAC ES;2;1;2;2009;50
ORLEANS-TOURS;EURE-ET-LOIR;BAC S;1;594;665;2009;89,32330827
ROUEN;EURE;BAC L;1;2;13;2009;15,38461538
ORLEANS-TOURS;CHER;BAC ES;2;11;22;2009;50
GRENOBLE;DROME;BAC L;2;9;10;2009;90
BORDEAUX;GIRONDE;BAC L;1;4;4;2009;100
BORDEAUX;GIRONDE;BAC ES;2;3;7;2009;42,85714286
MONTPELLIER;HERAULT;BAC ES;1;2;3;2009;66,66666667
RENNES;ILLE-ET-VILAINE;BAC S;1;4;8;2009;50
GRENOBLE;ISERE;BAC ES;2;135;144;2009;93,75
BESANCON;JURA;BAC L;2;89;96;2009;92,70833333
BESANCON;JURA;BAC S;1;14;16;2009;87,5
BORDEAUX;LANDES;BAC ES;2;5;6;2009;83,33333333
BORDEAUX;LANDES;BAC L;2;16;16;2009;100
LYON;LOIRE;BAC ES;1;71;80;2009;88,75
GRENOBLE;ISERE;BAC L;1;84;88;2009;95,45454545
ORLEANS-TOURS;LOIRET;BAC S;1;175;214;2009;81,77570093
TOULOUSE;LOT;BAC ES;2;173;214;2009;80,8411215
TOULOUSE;LOT;BAC S;2;70;77;2009;90,90909091
CAEN;MANCHE;BAC L;2;31;34;2009;91,17647059
REIMS;MARNE;BAC L;1;124;125;2009;99,2
REIMS;MARNE;BAC S;2;97;98;2009;98,97959184
REIMS;HAUTE-MARNE;BAC ES;1;8;8;2009;100
NANTES;MAYENNE;BAC ES;1;1;1;2009;100
MONTPELLIER;LOZERE;BAC S;2;21;24;2009;87,5
NANTES;MAINE-ET-LOIRE;BAC ES;2;3;3;2009;100
NANTES;MAINE-ET-LOIRE;BAC S;2;0;1;2009;0
NICE;VAR;BAC ES;2;4;9;2009;44,44444444
TOULOUSE;TARN-ET-GARONNE;BAC L;1;17;21;2009;80,95238095
TOULOUSE;TARN;BAC S;2;44;47;2009;93,61702128
TOULOUSE;TARN;BAC L;1;2;3;2009;66,66666667
GUYANE;GUYANE;BAC S;1;161;189;2009;85,18518519
GUYANE;GUYANE;BAC L;2;329;374;2009;87,96791444
NANCY-METZ;MEURTHE-ET-MOSELLE;BAC L;1;0;1;2009;0
NANCY-METZ;MEUSE;BAC L;1;0;2;2009;0
NANCY-METZ;MEUSE;BAC ES;2;146;157;2009;92,99363057
DIJON;SAONE-ET-LOIRE;BAC L;1;149;162;2009;91,97530864
LYON;RHONE;BAC S;1;0;1;2009;0
LA REUNION;LA REUNION;BAC S;2;2;4;2009;50
PARIS;PARIS;BAC ES;2;4;6;2009;66,66666667
DIJON;YONNE;BAC L;2;5;9;2009;55,55555556
BESANCON;TERRITOIRE DE BELFORT;BAC S;1;0;1;2009;0
NANTES;VENDEE;BAC L;1;29;31;2009;93,5483871
GRENOBLE;SAVOIE;BAC ES;1;1;1;2009;100
AMIENS;AISNE;BAC S;1;1;1;2009;100
TOULOUSE;AVEYRON;BAC ES;2;301;374;2009;80,48128342
ORLEANS-TOURS;CHER;BAC L;1;74;90;2009;82,22222222
LIMOGES;CREUSE;BAC S;2;243;294;2009;82,65306122
LIMOGES;CORREZE;BAC L;2;170;180;2009;94,44444444
LIMOGES;CORREZE;BAC ES;1;127;144;2009;88,19444444
ORLEANS-TOURS;INDRE-ET-LOIRE;BAC ES;2;0;1;2009;0
BORDEAUX;LOT-ET-GARONNE;BAC L;1;2;2;2009;100
POITIERS;DEUX-SEVRES;BAC S;1;37;37;2009;100
RENNES;MORBIHAN;BAC ES;2;268;324;2009;82,71604938
BESANCON;HAUTE-SAONE;BAC S;1;1;1;2009;100
TOULOUSE;HAUTES-PYRENEES;BAC L;1;6;8;2009;75
REIMS;ARDENNES;BAC ES;1;157;174;2009;90,22988506
TOULOUSE;ARIEGE;BAC S;1;0;1;2009;0
TOULOUSE;AVEYRON;BAC L;1;1;1;2009;100
LIMOGES;CREUSE;BAC ES;2;2;2;2009;100
BESANCON;DOUBS;BAC L;2;3;12;2009;25
BESANCON;DOUBS;BAC S;1;9;10;2009;90
BORDEAUX;GIRONDE;BAC S;1;1;2;2009;50
ORLEANS-TOURS;LOIR-ET-CHER;BAC ES;2;135;146;2009;92,46575342
LYON;LOIRE;BAC L;2;4;9;2009;44,44444444
LA REUNION;LA REUNION;BAC L;1;68;79;2009;86,07594937
BESANCON;HAUTE-SAONE;BAC L;1;12;13;2009;92,30769231
AMIENS;OISE;BAC L;2;12;12;2010;100
CAEN;ORNE;BAC ES;2;16;16;2010;100
CAEN;ORNE;BAC L;2;3;5;2010;60
NANTES;VENDEE;BAC ES;1;496;557;2010;89,04847397
NANTES;VENDEE;BAC L;1;225;253;2010;88,93280632
VERSAILLES;VAL-D'OISE;BAC ES;1;75;90;2010;83,33333333
POITIERS;VIENNE;BAC L;1;53;59;2010;89,83050847
LIMOGES;HAUTE-VIENNE;BAC ES;1;205;220;2010;93,18181818
POITIERS;VIENNE;BAC S;1;73;87;2010;83,90804598
POITIERS;VIENNE;BAC ES;2;1;3;2010;33,33333333
CORSE;CORSE-DU-SUD;BAC L;1;179;219;2010;81,73515982
CORSE;CORSE-DU-SUD;BAC S;2;135;148;2010;91,21621622
CORSE;CORSE-DU-SUD;BAC ES;2;19;41;2010;46,34146341
NANCY-METZ;VOSGES;BAC ES;1;504;635;2010;79,37007874
CORSE;HAUTE-CORSE;BAC S;2;3;5;2010;60
NANCY-METZ;VOSGES;BAC L;1;149;160;2010;93,125
GUADELOUPE;GUADELOUPE;BAC ES;1;378;409;2010;92,4205379
DIJON;YONNE;BAC ES;2;92;94;2010;97,87234043
BESANCON;TERRITOIRE DE BELFORT;BAC S;2;8;28;2010;28,57142857
BESANCON;TERRITOIRE DE BELFORT;BAC L;2;14;29;2010;48,27586207
AIX-MARSEILLE;VAUCLUSE;BAC S;2;107;114;2010;93,85964912
AIX-MARSEILLE;VAUCLUSE;BAC ES;2;8;10;2010;80
CRETEIL;VAL-DE-MARNE;BAC ES;1;2;2;2010;100
CRETEIL;VAL-DE-MARNE;BAC L;2;1;1;2010;100
CLERMONT-FERRAND;PUY-DE-DOME;BAC ES;1;641;743;2010;86,27187079
BORDEAUX;PYRENEES-ATLANTIQUES;BAC ES;1;3;11;2010;27,27272727
LILLE;PAS-DE-CALAIS;BAC S;2;356;380;2010;93,68421053
PARIS;PARIS;BAC ES;2;121;122;2010;99,18032787
PARIS;PARIS;BAC S;2;0;2;2010;0
CLERMONT-FERRAND;PUY-DE-DOME;BAC S;2;1034;1246;2010;82,98555377
VERSAILLES;VAL-D'OISE;BAC S;1;149;185;2010;80,54054054
CRETEIL;VAL-DE-MARNE;BAC S;2;222;251;2010;88,44621514
POITIERS;DEUX-SEVRES;BAC S;2;479;510;2010;93,92156863
AMIENS;SOMME;BAC ES;1;1;4;2010;25
POITIERS;DEUX-SEVRES;BAC L;2;5;6;2010;83,33333333
POITIERS;DEUX-SEVRES;BAC ES;1;63;71;2010;88,73239437
AMIENS;SOMME;BAC S;2;9;19;2010;47,36842105
TOULOUSE;TARN;BAC L;1;648;709;2010;91,39633286
AMIENS;SOMME;BAC L;2;0;1;2010;0
TOULOUSE;TARN;BAC S;2;197;210;2010;93,80952381
TOULOUSE;TARN-ET-GARONNE;BAC L;1;100;102;2010;98,03921569
TOULOUSE;TARN-ET-GARONNE;BAC ES;1;73;92;2010;79,34782609
TOULOUSE;TARN-ET-GARONNE;BAC S;2;3;11;2010;27,27272727
NICE;VAR;BAC S;1;8;8;2010;100
NICE;VAR;BAC L;2;6;6;2010;100
ROUEN;SEINE MARITIME;BAC S;2;91;99;2010;91,91919192
VERSAILLES;YVELINES;BAC L;2;1836;2104;2010;87,26235741
VERSAILLES;YVELINES;BAC S;1;2052;2498;2010;82,14571657
LILLE;NORD;BAC S;2;26;40;2010;65
LILLE;NORD;BAC ES;1;521;544;2010;95,77205882
NANTES;SARTHE;BAC S;2;323;342;2010;94,44444444
NANTES;SARTHE;BAC L;1;13;13;2010;100
NANTES;SARTHE;BAC ES;2;6;21;2010;28,57142857
GRENOBLE;SAVOIE;BAC ES;1;35;49;2010;71,42857143
GRENOBLE;SAVOIE;BAC L;1;43;102;2010;42,15686275
GRENOBLE;HAUTE SAVOIE;BAC S;1;1300;1437;2010;90,46624913
GRENOBLE;HAUTE SAVOIE;BAC ES;2;51;90;2010;56,66666667
GRENOBLE;HAUTE SAVOIE;BAC L;2;840;1003;2010;83,74875374
MONTPELLIER;PYRENEES-ORIENTALES;BAC ES;1;14;26;2010;53,84615385
MONTPELLIER;PYRENEES-ORIENTALES;BAC L;1;2;2;2010;100
STRASBOURG;BAS-RHIN;BAC S;1;122;129;2010;94,57364341
STRASBOURG;BAS-RHIN;BAC ES;1;361;380;2010;95
STRASBOURG;HAUT-RHIN;BAC S;1;86;106;2010;81,13207547
STRASBOURG;HAUT-RHIN;BAC L;2;1;3;2010;33,33333333
BORDEAUX;PYRENEES-ATLANTIQUES;BAC S;2;1;2;2010;50
BORDEAUX;PYRENEES-ATLANTIQUES;BAC L;2;71;73;2010;97,26027397
TOULOUSE;HAUTES-PYRENEES;BAC ES;2;27;28;2010;96,42857143
LA REUNION;LA REUNION;BAC ES;2;3;5;2010;60
LA REUNION;LA REUNION;BAC L;1;3;10;2010;30
GUADELOUPE;GUADELOUPE;BAC S;2;13;30;2010;43,33333333
GUADELOUPE;GUADELOUPE;BAC L;2;6;12;2010;50
MARTINIQUE;MARTINIQUE;BAC ES;1;4;6;2010;66,66666667
GUYANE;GUYANE;BAC L;1;16;20;2010;80
GUYANE;GUYANE;BAC ES;2;0;1;2010;0
VERSAILLES;ESSONNE;BAC S;1;554;658;2010;84,19452888
VERSAILLES;ESSONNE;BAC ES;1;18;18;2010;100
VERSAILLES;HAUTS-DE-SEINE;BAC S;2;35;36;2010;97,22222222
BESANCON;TERRITOIRE DE BELFORT;BAC ES;2;0;2;2010;0
LYON;RHONE;BAC S;1;11;31;2010;35,48387097
LYON;RHONE;BAC ES;1;1;4;2010;25
BESANCON;HAUTE-SAONE;BAC S;1;1;3;2010;33,33333333
DIJON;SAONE-ET-LOIRE;BAC S;2;2;5;2010;40
BESANCON;HAUTE-SAONE;BAC ES;1;440;501;2010;87,8243513
CLERMONT-FERRAND;ALLIER;BAC ES;1;74;83;2010;89,15662651
AIX-MARSEILLE;HAUTES-ALPES;BAC L;2;1;8;2010;12,5
AIX-MARSEILLE;HAUTES-ALPES;BAC S;1;1;3;2010;33,33333333
AIX-MARSEILLE;HAUTES-ALPES;BAC ES;1;2;2;2010;100
NICE;ALPES-MARITIMES;BAC L;2;4;8;2010;50
LYON;AIN;BAC S;1;57;59;2010;96,61016949
LYON;AIN;BAC L;1;35;39;2010;89,74358974
AMIENS;AISNE;BAC ES;1;0;1;2010;0
AIX-MARSEILLE;BOUCHES-DU-RHONE;BAC S;2;497;503;2010;98,80715706
GRENOBLE;ARDECHE;BAC S;1;6;9;2010;66,66666667
REIMS;ARDENNES;BAC L;2;194;204;2010;95,09803922
TOULOUSE;ARIEGE;BAC ES;1;29;30;2010;96,66666667
TOULOUSE;ARIEGE;BAC L;2;6;13;2010;46,15384615
REIMS;ARDENNES;BAC S;1;2;6;2010;33,33333333
REIMS;AUBE;BAC L;1;1;1;2010;100
MONTPELLIER;AUDE;BAC S;1;782;839;2010;93,20619785
TOULOUSE;AVEYRON;BAC S;2;334;363;2010;92,01101928
TOULOUSE;AVEYRON;BAC ES;2;0;2;2010;0
POITIERS;CHARENTE;BAC S;1;106;113;2010;93,80530973
POITIERS;CHARENTE;BAC L;1;7;13;2010;53,84615385
POITIERS;CHARENTE-MARITIME;BAC L;1;13;22;2010;59,09090909
POITIERS;CHARENTE-MARITIME;BAC S;2;10;22;2010;45,45454545
POITIERS;CHARENTE-MARITIME;BAC ES;2;12;19;2010;63,15789474
ORLEANS-TOURS;CHER;BAC L;1;3;6;2010;50
AIX-MARSEILLE;BOUCHES-DU-RHONE;BAC L;1;1;2;2010;50
REIMS;AUBE;BAC ES;2;5;6;2010;83,33333333
REIMS;AUBE;BAC S;2;5;7;2010;71,42857143
CAEN;CALVADOS;BAC ES;1;36;48;2010;75
CAEN;CALVADOS;BAC L;2;22;22;2010;100
CLERMONT-FERRAND;CANTAL;BAC S;1;9;16;2010;56,25
CLERMONT-FERRAND;CANTAL;BAC ES;2;360;426;2010;84,50704225
BESANCON;DOUBS;BAC ES;1;9;11;2010;81,81818182
GRENOBLE;DROME;BAC L;2;243;265;2010;91,69811321
BESANCON;DOUBS;BAC L;1;5;9;2010;55,55555556
LIMOGES;CORREZE;BAC S;1;20;24;2010;83,33333333
ORLEANS-TOURS;CHER;BAC S;2;1;2;2010;50
DIJON;COTE D'OR;BAC L;1;141;165;2010;85,45454545
RENNES;COTES D'ARMOR;BAC L;2;6;7;2010;85,71428571
RENNES;COTES D'ARMOR;BAC S;1;8;8;2010;100
BORDEAUX;DORDOGNE;BAC L;2;1;1;2010;100
LIMOGES;CREUSE;BAC S;1;1;3;2010;33,33333333
MONTPELLIER;GARD;BAC S;2;1;3;2010;33,33333333
MONTPELLIER;GARD;BAC ES;2;0;0;2010;#DIV/0!
MONTPELLIER;GARD;BAC L;1;1107;1268;2010;87,30283912
RENNES;FINISTERE;BAC ES;1;1;1;2010;100
GRENOBLE;DROME;BAC S;1;13;18;2010;72,22222222
ROUEN;EURE;BAC L;1;121;124;2010;97,58064516
ORLEANS-TOURS;EURE-ET-LOIR;BAC ES;2;20;35;2010;57,14285714
RENNES;FINISTERE;BAC L;2;4;7;2010;57,14285714
TOULOUSE;HAUTE-GARONNE;BAC L;2;4;12;2010;33,33333333
GRENOBLE;DROME;BAC ES;2;1;5;2010;20
TOULOUSE;HAUTE-GARONNE;BAC ES;2;114;140;2010;81,42857143
TOULOUSE;HAUTE-GARONNE;BAC S;1;0;1;2010;0
TOULOUSE;GERS;BAC S;2;17;21;2010;80,95238095
TOULOUSE;GERS;BAC ES;2;215;259;2010;83,01158301
BORDEAUX;GIRONDE;BAC S;2;214;232;2010;92,24137931
BORDEAUX;GIRONDE;BAC ES;1;133;150;2010;88,66666667
ORLEANS-TOURS;INDRE-ET-LOIRE;BAC S;1;7;11;2010;63,63636364
MONTPELLIER;HERAULT;BAC S;2;8;10;2010;80
MONTPELLIER;HERAULT;BAC ES;1;287;313;2010;91,69329073
MONTPELLIER;HERAULT;BAC L;2;279;296;2010;94,25675676
RENNES;ILLE-ET-VILAINE;BAC ES;1;3;3;2010;100
ORLEANS-TOURS;INDRE;BAC ES;2;0;2;2010;0
ORLEANS-TOURS;INDRE;BAC S;1;0;0;2010;#DIV/0!
ORLEANS-TOURS;INDRE-ET-LOIRE;BAC L;1;2;3;2010;66,66666667
LYON;LOIRE;BAC S;1;1687;2022;2010;83,4322453
LYON;LOIRE;BAC ES;1;237;279;2010;84,94623656
GRENOBLE;ISERE;BAC L;1;21;36;2010;58,33333333
GRENOBLE;ISERE;BAC S;1;9;20;2010;45
BESANCON;JURA;BAC L;2;7;17;2010;41,17647059
BESANCON;JURA;BAC ES;2;12;17;2010;70,58823529
BORDEAUX;LANDES;BAC L;2;17;32;2010;53,125
BORDEAUX;LANDES;BAC ES;1;2;9;2010;22,22222222
ORLEANS-TOURS;LOIR-ET-CHER;BAC ES;2;12;29;2010;41,37931034
ORLEANS-TOURS;LOIR-ET-CHER;BAC S;2;5;5;2010;100
LYON;LOIRE;BAC L;2;1;1;2010;100
CLERMONT-FERRAND;HAUTE-LOIRE;BAC L;2;16;39;2010;41,02564103
NANTES;LOIRE-ATLANTIQUE;BAC S;1;113;125;2010;90,4
NANTES;LOIRE-ATLANTIQUE;BAC ES;1;0;1;2010;0
NANTES;LOIRE-ATLANTIQUE;BAC L;2;3;6;2010;50
ORLEANS-TOURS;LOIRET;BAC L;2;0;0;2010;#DIV/0!
ORLEANS-TOURS;LOIRET;BAC ES;1;69;78;2010;88,46153846
ORLEANS-TOURS;LOIRET;BAC S;1;24;25;2010;96
TOULOUSE;LOT;BAC S;2;1;1;2010;100
TOULOUSE;LOT;BAC ES;1;8;9;2010;88,88888889
NANTES;MAINE-ET-LOIRE;BAC S;1;232;257;2010;90,27237354
NANTES;MAINE-ET-LOIRE;BAC L;2;1;2;2010;50
CAEN;MANCHE;BAC L;2;7;7;2010;100
CAEN;MANCHE;BAC S;2;28;31;2010;90,32258065
CAEN;MANCHE;BAC ES;1;20;20;2010;100
REIMS;MARNE;BAC L;1;271;313;2010;86,58146965
REIMS;MARNE;BAC S;2;2;3;2010;66,66666667
REIMS;MARNE;BAC ES;2;1;3;2010;33,33333333
NANTES;MAYENNE;BAC ES;2;509;540;2010;94,25925926
NANTES;MAYENNE;BAC S;1;194;217;2010;89,40092166
NANTES;MAYENNE;BAC L;2;6;14;2010;42,85714286
NANCY-METZ;MEURTHE-ET-MOSELLE;BAC ES;2;20;20;2010;100
BORDEAUX;LOT-ET-GARONNE;BAC S;2;201;209;2010;96,1722488
BORDEAUX;LOT-ET-GARONNE;BAC ES;2;42;46;2010;91,30434783
MONTPELLIER;LOZERE;BAC ES;2;157;161;2010;97,51552795
MONTPELLIER;LOZERE;BAC L;2;26;27;2010;96,2962963
NANCY-METZ;MEUSE;BAC L;2;2;3;2010;66,66666667
NANCY-METZ;MEURTHE-ET-MOSELLE;BAC S;2;37;47;2010;78,72340426
NANCY-METZ;MEUSE;BAC S;2;247;267;2010;92,5093633
CRETEIL;SEINE-ET-MARNE;BAC L;2;22;23;2010;95,65217391
RENNES;MORBIHAN;BAC S;1;3;3;2010;100
RENNES;MORBIHAN;BAC ES;2;396;427;2010;92,74004684
RENNES;MORBIHAN;BAC L;1;212;237;2010;89,45147679
NANCY-METZ;MOSELLE;BAC S;1;2;2;2010;100
NANCY-METZ;MOSELLE;BAC L;1;365;432;2010;84,49074074
NANCY-METZ;MOSELLE;BAC ES;1;75;76;2010;98,68421053
NANCY-METZ;MEURTHE-ET-MOSELLE;BAC L;2;333;366;2010;90,98360656
CRETEIL;SEINE-SAINT-DENIS;BAC S;1;502;567;2010;88,5361552
CRETEIL;SEINE-SAINT-DENIS;BAC ES;2;0;1;2010;0
VERSAILLES;HAUTS-DE-SEINE;BAC ES;1;1;2;2010;50
LILLE;NORD;BAC L;1;1;1;2010;100
AMIENS;OISE;BAC ES;2;433;447;2010;96,86800895
NANTES;VENDEE;BAC S;1;4;5;2010;80
LIMOGES;HAUTE-VIENNE;BAC S;2;86;93;2010;92,47311828
NANCY-METZ;VOSGES;BAC S;1;31;33;2010;93,93939394
DIJON;YONNE;BAC S;2;92;105;2010;87,61904762
CRETEIL;SEINE-ET-MARNE;BAC ES;1;2;3;2010;66,66666667
PARIS;PARIS;BAC L;2;0;1;2010;0
LILLE;PAS-DE-CALAIS;BAC ES;1;1;3;2010;33,33333333
LILLE;PAS-DE-CALAIS;BAC L;1;496;545;2010;91,00917431
CLERMONT-FERRAND;PUY-DE-DOME;BAC L;2;16;16;2010;100
VERSAILLES;VAL-D'OISE;BAC L;1;213;240;2010;88,75
AMIENS;OISE;BAC S;2;2;9;2010;22,22222222
TOULOUSE;TARN;BAC ES;1;178;190;2010;93,68421053
NICE;VAR;BAC ES;2;1;3;2010;33,33333333
ROUEN;SEINE MARITIME;BAC ES;1;12;24;2010;50
ROUEN;SEINE MARITIME;BAC L;1;1049;1190;2010;88,1512605
GRENOBLE;SAVOIE;BAC S;2;490;541;2010;90,57301294
STRASBOURG;BAS-RHIN;BAC L;2;3;4;2010;75
STRASBOURG;HAUT-RHIN;BAC ES;2;208;210;2010;99,04761905
LYON;RHONE;BAC L;2;9;21;2010;42,85714286
GUYANE;GUYANE;BAC S;1;479;509;2010;94,10609037
VERSAILLES;ESSONNE;BAC L;1;61;72;2010;84,72222222
DIJON;SAONE-ET-LOIRE;BAC ES;1;35;41;2010;85,36585366
AIX-MARSEILLE;ALPES-DE-HTE-PROVENCE;BAC ES;1;9;9;2010;100
CLERMONT-FERRAND;ALLIER;BAC S;1;11;12;2010;91,66666667
NICE;ALPES-MARITIMES;BAC ES;2;1035;1085;2010;95,39170507
NICE;ALPES-MARITIMES;BAC S;1;24;25;2010;96
AMIENS;AISNE;BAC S;2;208;217;2010;95,85253456
AMIENS;AISNE;BAC L;1;5;11;2010;45,45454545
CLERMONT-FERRAND;ALLIER;BAC L;1;2;3;2010;66,66666667
AIX-MARSEILLE;BOUCHES-DU-RHONE;BAC ES;2;10;10;2010;100
REIMS;ARDENNES;BAC ES;1;2;2;2010;100
TOULOUSE;ARIEGE;BAC S;1;54;55;2010;98,18181818
MONTPELLIER;AUDE;BAC L;2;51;51;2010;100
ORLEANS-TOURS;CHER;BAC ES;2;36;37;2010;97,2972973
CAEN;CALVADOS;BAC S;2;2;2;2010;100
POITIERS;CHARENTE;BAC ES;1;1;2;2010;50
BESANCON;DOUBS;BAC S;2;466;538;2010;86,61710037
LIMOGES;CORREZE;BAC L;1;193;206;2010;93,68932039
DIJON;COTE D'OR;BAC ES;2;2;3;2010;66,66666667
RENNES;COTES D'ARMOR;BAC ES;2;233;241;2010;96,68049793
BORDEAUX;DORDOGNE;BAC ES;1;3;4;2010;75
ROUEN;EURE;BAC S;2;3;4;2010;75
ORLEANS-TOURS;EURE-ET-LOIR;BAC L;2;748;784;2010;95,40816327
ORLEANS-TOURS;EURE-ET-LOIR;BAC S;2;278;286;2010;97,2027972
BORDEAUX;GIRONDE;BAC L;2;304;351;2010;86,60968661
TOULOUSE;GERS;BAC L;1;107;113;2010;94,69026549
RENNES;ILLE-ET-VILAINE;BAC S;2;82;90;2010;91,11111111
RENNES;ILLE-ET-VILAINE;BAC L;1;29;31;2010;93,5483871
ORLEANS-TOURS;INDRE;BAC L;1;1;3;2010;33,33333333
ORLEANS-TOURS;INDRE-ET-LOIRE;BAC ES;1;0;1;2010;0
BESANCON;JURA;BAC S;2;1;1;2010;100
BORDEAUX;LANDES;BAC S;1;0;0;2010;#DIV/0!
ORLEANS-TOURS;LOIR-ET-CHER;BAC L;2;0;1;2010;0
CLERMONT-FERRAND;HAUTE-LOIRE;BAC S;2;372;428;2010;86,91588785
NANTES;MAINE-ET-LOIRE;BAC ES;2;271;299;2010;90,63545151
REIMS;HAUTE-MARNE;BAC S;2;0;1;2010;0
REIMS;HAUTE-MARNE;BAC L;2;1;5;2010;20
REIMS;HAUTE-MARNE;BAC ES;1;48;56;2010;85,71428571
MONTPELLIER;LOZERE;BAC S;1;80;81;2010;98,7654321
NANCY-METZ;MEUSE;BAC ES;1;18;24;2010;75
DIJON;NIEVRE;BAC ES;1;60;68;2010;88,23529412
CRETEIL;SEINE-SAINT-DENIS;BAC L;1;0;1;2010;0
LIMOGES;HAUTE-VIENNE;BAC L;2;3;3;2010;100
AIX-MARSEILLE;VAUCLUSE;BAC L;2;26;29;2010;89,65517241
CAEN;ORNE;BAC S;1;7;8;2010;87,5
CORSE;HAUTE-CORSE;BAC L;2;4;4;2010;100
MONTPELLIER;PYRENEES-ORIENTALES;BAC S;1;10;10;2010;100
TOULOUSE;HAUTES-PYRENEES;BAC S;2;0;1;2010;0
TOULOUSE;HAUTES-PYRENEES;BAC L;2;339;356;2010;95,2247191
LA REUNION;LA REUNION;BAC S;2;301;325;2010;92,61538462
MARTINIQUE;MARTINIQUE;BAC L;1;453;481;2010;94,17879418
AIX-MARSEILLE;ALPES-DE-HTE-PROVENCE;BAC L;1;46;50;2010;92
AIX-MARSEILLE;ALPES-DE-HTE-PROVENCE;BAC S;2;4;6;2010;66,66666667
LYON;AIN;BAC ES;2;836;921;2010;90,77090119
GRENOBLE;ARDECHE;BAC ES;2;646;729;2010;88,61454047
MONTPELLIER;AUDE;BAC ES;2;159;178;2010;89,3258427
TOULOUSE;AVEYRON;BAC L;2;1;3;2010;33,33333333
CLERMONT-FERRAND;CANTAL;BAC L;1;1;1;2010;100
DIJON;COTE D'OR;BAC S;1;1;6;2010;16,66666667
LIMOGES;CREUSE;BAC L;1;1;1;2010;100
ROUEN;EURE;BAC ES;1;4;5;2010;80
RENNES;FINISTERE;BAC S;1;13;22;2010;59,09090909
BORDEAUX;DORDOGNE;BAC S;1;132;148;2010;89,18918919
GRENOBLE;ISERE;BAC ES;2;140;154;2010;90,90909091
CLERMONT-FERRAND;HAUTE-LOIRE;BAC ES;2;1;2;2010;50
TOULOUSE;LOT;BAC L;1;2;2;2010;100
BORDEAUX;LOT-ET-GARONNE;BAC L;1;174;222;2010;78,37837838
CRETEIL;SEINE-ET-MARNE;BAC S;1;107;118;2010;90,6779661
DIJON;YONNE;BAC L;2;1;2;2010;50
CORSE;HAUTE-CORSE;BAC ES;1;281;302;2010;93,04635762
MARTINIQUE;MARTINIQUE;BAC S;2;2;3;2010;66,66666667
VERSAILLES;HAUTS-DE-SEINE;BAC L;2;57;60;2010;95
DIJON;SAONE-ET-LOIRE;BAC L;2;0;1;2010;0
LIMOGES;CORREZE;BAC ES;1;0;1;2010;0
LIMOGES;CREUSE;BAC ES;1;2;4;2010;50
DIJON;NIEVRE;BAC L;1;1;1;2010;100
DIJON;NIEVRE;BAC S;2;28;42;2010;66,66666667
VERSAILLES;YVELINES;BAC ES;2;17;18;2010;94,44444444
BESANCON;HAUTE-SAONE;BAC L;1;10;11;2010;90,90909091
GRENOBLE;ARDECHE;BAC L;1;25;26;2010;96,15384615
TOULOUSE;TARN;BAC ES;1;24;27;2011;88,88888889
TOULOUSE;TARN-ET-GARONNE;BAC L;2;83;93;2011;89,24731183
PARIS;PARIS;BAC S;2;7;7;2011;100
TOULOUSE;TARN-ET-GARONNE;BAC ES;1;0;1;2011;0
PARIS;PARIS;BAC L;2;2;2;2011;100
NICE;VAR;BAC S;1;21;22;2011;95,45454545
VERSAILLES;YVELINES;BAC ES;2;72;75;2011;96
POITIERS;DEUX-SEVRES;BAC L;2;4;8;2011;50
GRENOBLE;SAVOIE;BAC S;2;232;265;2011;87,54716981
POITIERS;DEUX-SEVRES;BAC S;1;1;1;2011;100
AMIENS;SOMME;BAC ES;1;18;19;2011;94,73684211
TOULOUSE;TARN;BAC L;1;36;41;2011;87,80487805
CRETEIL;VAL-DE-MARNE;BAC ES;1;10;11;2011;90,90909091
VERSAILLES;VAL-D'OISE;BAC ES;2;298;333;2011;89,48948949
CRETEIL;SEINE-SAINT-DENIS;BAC S;1;40;47;2011;85,10638298
VERSAILLES;VAL-D'OISE;BAC S;2;540;602;2011;89,70099668
VERSAILLES;VAL-D'OISE;BAC L;2;899;1087;2011;82,70469181
CRETEIL;VAL-DE-MARNE;BAC L;1;164;206;2011;79,61165049
CRETEIL;SEINE-ET-MARNE;BAC S;1;140;157;2011;89,17197452
CRETEIL;SEINE-ET-MARNE;BAC L;1;2;6;2011;33,33333333
CRETEIL;SEINE-ET-MARNE;BAC ES;1;2;6;2011;33,33333333
CAEN;CALVADOS;BAC L;1;27;49;2011;55,10204082
CAEN;CALVADOS;BAC ES;2;150;161;2011;93,16770186
TOULOUSE;AVEYRON;BAC ES;2;328;333;2011;98,4984985
TOULOUSE;AVEYRON;BAC L;2;508;542;2011;93,72693727
AIX-MARSEILLE;BOUCHES-DU-RHONE;BAC S;1;3;3;2011;100
CLERMONT-FERRAND;CANTAL;BAC S;2;12;19;2011;63,15789474
POITIERS;CHARENTE;BAC ES;1;5;10;2011;50
POITIERS;CHARENTE;BAC L;1;52;63;2011;82,53968254
AIX-MARSEILLE;BOUCHES-DU-RHONE;BAC L;2;0;1;2011;0
POITIERS;CHARENTE-MARITIME;BAC S;1;14;24;2011;58,33333333
REIMS;ARDENNES;BAC ES;2;990;1247;2011;79,39053729
TOULOUSE;ARIEGE;BAC S;1;157;166;2011;94,57831325
TOULOUSE;ARIEGE;BAC L;1;3;14;2011;21,42857143
REIMS;AUBE;BAC ES;2;3;6;2011;50
RENNES;FINISTERE;BAC ES;2;73;74;2011;98,64864865
BORDEAUX;DORDOGNE;BAC ES;1;878;958;2011;91,64926931
BORDEAUX;DORDOGNE;BAC S;1;470;514;2011;91,43968872
BESANCON;DOUBS;BAC ES;2;4;6;2011;66,66666667
BESANCON;DOUBS;BAC S;2;12;22;2011;54,54545455
GRENOBLE;DROME;BAC ES;1;541;578;2011;93,59861592
ROUEN;EURE;BAC L;1;93;98;2011;94,89795918
ROUEN;EURE;BAC S;1;0;1;2011;0
ROUEN;EURE;BAC ES;2;14;19;2011;73,68421053
RENNES;COTES D'ARMOR;BAC S;1;7;7;2011;100
ORLEANS-TOURS;EURE-ET-LOIR;BAC ES;1;8;12;2011;66,66666667
NANCY-METZ;VOSGES;BAC S;2;7;12;2011;58,33333333
NANCY-METZ;VOSGES;BAC ES;2;109;146;2011;74,65753425
NICE;VAR;BAC ES;2;179;191;2011;93,71727749
AIX-MARSEILLE;VAUCLUSE;BAC S;2;5;11;2011;45,45454545
AIX-MARSEILLE;VAUCLUSE;BAC ES;1;1363;1433;2011;95,11514306
NANTES;VENDEE;BAC ES;1;5;9;2011;55,55555556
NANTES;VENDEE;BAC S;1;850;871;2011;97,58897819
POITIERS;VIENNE;BAC ES;2;132;172;2011;76,74418605
POITIERS;VIENNE;BAC L;2;1934;2112;2011;91,5719697
LIMOGES;HAUTE-VIENNE;BAC ES;1;854;974;2011;87,67967146
LIMOGES;HAUTE-VIENNE;BAC S;1;63;100;2011;63
LIMOGES;CREUSE;BAC L;1;557;662;2011;84,13897281
LIMOGES;CREUSE;BAC S;1;136;151;2011;90,06622517
LIMOGES;CREUSE;BAC ES;1;1453;1755;2011;82,79202279
BORDEAUX;DORDOGNE;BAC L;1;204;256;2011;79,6875
ORLEANS-TOURS;CHER;BAC ES;2;6;15;2011;40
ORLEANS-TOURS;CHER;BAC S;1;5;20;2011;25
ORLEANS-TOURS;CHER;BAC L;1;24;62;2011;38,70967742
LIMOGES;CORREZE;BAC S;1;3;9;2011;33,33333333
GRENOBLE;HAUTE SAVOIE;BAC L;2;1;1;2011;100
GRENOBLE;HAUTE SAVOIE;BAC ES;1;0;3;2011;0
DIJON;YONNE;BAC L;1;423;511;2011;82,77886497
LYON;RHONE;BAC L;2;843;982;2011;85,84521385
DIJON;SAONE-ET-LOIRE;BAC S;2;61;65;2011;93,84615385
NANTES;SARTHE;BAC L;2;309;319;2011;96,86520376
TOULOUSE;AVEYRON;BAC S;1;17;17;2011;100
NICE;ALPES-MARITIMES;BAC L;2;2;3;2011;66,66666667
REIMS;ARDENNES;BAC L;2;4;10;2011;40
REIMS;ARDENNES;BAC S;1;273;321;2011;85,04672897
TOULOUSE;ARIEGE;BAC ES;1;12;13;2011;92,30769231
REIMS;AUBE;BAC S;1;4;4;2011;100
CLERMONT-FERRAND;ALLIER;BAC S;1;751;857;2011;87,63127188
MONTPELLIER;AUDE;BAC S;1;9;13;2011;69,23076923
AIX-MARSEILLE;ALPES-DE-HTE-PROVENCE;BAC ES;1;4;8;2011;50
AIX-MARSEILLE;ALPES-DE-HTE-PROVENCE;BAC S;2;6;9;2011;66,66666667
AIX-MARSEILLE;ALPES-DE-HTE-PROVENCE;BAC L;1;3;11;2011;27,27272727
MONTPELLIER;AUDE;BAC L;2;309;344;2011;89,8255814
LYON;AIN;BAC S;1;241;288;2011;83,68055556
AMIENS;AISNE;BAC S;2;174;209;2011;83,25358852
AMIENS;AISNE;BAC ES;2;33;34;2011;97,05882353
CLERMONT-FERRAND;ALLIER;BAC L;1;152;183;2011;83,06010929
AIX-MARSEILLE;HAUTES-ALPES;BAC S;1;1;3;2011;33,33333333
AIX-MARSEILLE;HAUTES-ALPES;BAC ES;1;43;51;2011;84,31372549
CLERMONT-FERRAND;ALLIER;BAC ES;2;53;60;2011;88,33333333
STRASBOURG;HAUT-RHIN;BAC ES;2;1030;1154;2011;89,25476603
VERSAILLES;HAUTS-DE-SEINE;BAC S;2;624;698;2011;89,3982808
VERSAILLES;HAUTS-DE-SEINE;BAC L;2;0;2;2011;0
TOULOUSE;HAUTE-GARONNE;BAC ES;2;341;392;2011;86,98979592
TOULOUSE;GERS;BAC L;2;3;4;2011;75
MONTPELLIER;GARD;BAC S;1;158;183;2011;86,33879781
MONTPELLIER;GARD;BAC ES;2;4;8;2011;50
MONTPELLIER;GARD;BAC L;1;4;4;2011;100
MONTPELLIER;HERAULT;BAC L;2;23;24;2011;95,83333333
MONTPELLIER;HERAULT;BAC S;2;16;16;2011;100
MONTPELLIER;HERAULT;BAC ES;2;0;2;2011;0
TOULOUSE;GERS;BAC ES;2;1;1;2011;100
RENNES;ILLE-ET-VILAINE;BAC S;1;353;399;2011;88,47117794
RENNES;ILLE-ET-VILAINE;BAC ES;2;2;2;2011;100
RENNES;ILLE-ET-VILAINE;BAC L;2;2;2;2011;100
BORDEAUX;GIRONDE;BAC L;1;1530;1755;2011;87,17948718
GRENOBLE;ISERE;BAC L;2;10;12;2011;83,33333333
GRENOBLE;ISERE;BAC S;2;179;184;2011;97,2826087
GRENOBLE;ISERE;BAC ES;1;11;16;2011;68,75
ORLEANS-TOURS;INDRE-ET-LOIRE;BAC L;1;3;6;2011;50
ORLEANS-TOURS;INDRE-ET-LOIRE;BAC S;2;6;12;2011;50
ORLEANS-TOURS;INDRE-ET-LOIRE;BAC ES;1;32;32;2011;100
BESANCON;JURA;BAC L;2;59;63;2011;93,65079365
BORDEAUX;LANDES;BAC L;2;33;34;2011;97,05882353
BORDEAUX;LANDES;BAC S;1;1;1;2011;100
BORDEAUX;LANDES;BAC ES;2;9;16;2011;56,25
LYON;LOIRE;BAC L;2;3;4;2011;75
ORLEANS-TOURS;LOIR-ET-CHER;BAC L;1;204;238;2011;85,71428571
ORLEANS-TOURS;LOIR-ET-CHER;BAC S;2;259;281;2011;92,17081851
ORLEANS-TOURS;LOIR-ET-CHER;BAC ES;1;2;2;2011;100
ORLEANS-TOURS;INDRE;BAC L;2;1;1;2011;100
LYON;LOIRE;BAC S;2;3;6;2011;50
LYON;LOIRE;BAC ES;2;369;428;2011;86,21495327
CLERMONT-FERRAND;HAUTE-LOIRE;BAC L;2;237;283;2011;83,74558304
NANTES;MAINE-ET-LOIRE;BAC L;1;65;83;2011;78,31325301
NANTES;MAINE-ET-LOIRE;BAC ES;1;364;476;2011;76,47058824
NANTES;LOIRE-ATLANTIQUE;BAC S;1;63;73;2011;86,30136986
NANTES;LOIRE-ATLANTIQUE;BAC L;2;19;21;2011;90,47619048
TOULOUSE;LOT;BAC L;2;0;1;2011;0
ORLEANS-TOURS;LOIRET;BAC L;2;1;1;2011;100
BORDEAUX;LOT-ET-GARONNE;BAC ES;1;73;75;2011;97,33333333
TOULOUSE;LOT;BAC S;2;5;5;2011;100
NANCY-METZ;MEURTHE-ET-MOSELLE;BAC S;2;1;1;2011;100
NANCY-METZ;MEURTHE-ET-MOSELLE;BAC ES;2;67;72;2011;93,05555556
RENNES;MORBIHAN;BAC L;1;169;174;2011;97,12643678
NANCY-METZ;MEUSE;BAC L;2;150;151;2011;99,33774834
REIMS;MARNE;BAC ES;2;10;16;2011;62,5
CAEN;MANCHE;BAC S;2;0;1;2011;0
REIMS;HAUTE-MARNE;BAC S;2;270;322;2011;83,85093168
NANTES;MAYENNE;BAC L;1;13;17;2011;76,47058824
NANTES;MAYENNE;BAC ES;2;104;122;2011;85,24590164
NANTES;MAYENNE;BAC S;1;246;291;2011;84,53608247
LILLE;NORD;BAC S;2;0;0;2011;#DIV/0!
RENNES;MORBIHAN;BAC S;1;0;1;2011;0
NANCY-METZ;MOSELLE;BAC S;1;5;6;2011;83,33333333
NANCY-METZ;MOSELLE;BAC ES;2;80;86;2011;93,02325581
DIJON;NIEVRE;BAC L;2;74;78;2011;94,87179487
CORSE;CORSE-DU-SUD;BAC ES;1;9;13;2011;69,23076923
CORSE;CORSE-DU-SUD;BAC L;1;7;7;2011;100
GUADELOUPE;GUADELOUPE;BAC L;1;0;0;2011;#DIV/0!
GUADELOUPE;GUADELOUPE;BAC S;2;5;11;2011;45,45454545
MARTINIQUE;MARTINIQUE;BAC L;2;96;102;2011;94,11764706
MARTINIQUE;MARTINIQUE;BAC ES;1;40;42;2011;95,23809524
GUYANE;GUYANE;BAC S;2;32;35;2011;91,42857143
NANCY-METZ;MOSELLE;BAC L;2;26;26;2011;100
AMIENS;OISE;BAC S;2;512;563;2011;90,94138544
AMIENS;OISE;BAC L;2;1;1;2011;100
CAEN;ORNE;BAC S;1;2;3;2011;66,66666667
LILLE;NORD;BAC L;2;182;197;2011;92,3857868
LILLE;NORD;BAC ES;1;32;42;2011;76,19047619
CORSE;HAUTE-CORSE;BAC ES;2;0;1;2011;0
ROUEN;SEINE MARITIME;BAC ES;1;58;66;2011;87,87878788
LILLE;PAS-DE-CALAIS;BAC ES;1;104;117;2011;88,88888889
LILLE;PAS-DE-CALAIS;BAC S;1;1;1;2011;100
LILLE;PAS-DE-CALAIS;BAC L;1;0;1;2011;0
CLERMONT-FERRAND;PUY-DE-DOME;BAC S;2;1;2;2011;50
CLERMONT-FERRAND;PUY-DE-DOME;BAC L;2;4;8;2011;50
BORDEAUX;PYRENEES-ATLANTIQUES;BAC S;2;254;278;2011;91,36690647
CAEN;ORNE;BAC L;2;34;36;2011;94,44444444
MAYOTTE;MAYOTTE;BAC S;2;200;220;2011;90,90909091
BORDEAUX;PYRENEES-ATLANTIQUES;BAC ES;2;0;4;2011;0
MONTPELLIER;PYRENEES-ORIENTALES;BAC S;2;0;0;2011;#DIV/0!
MONTPELLIER;PYRENEES-ORIENTALES;BAC ES;2;1;2;2011;50
MONTPELLIER;PYRENEES-ORIENTALES;BAC L;1;2;3;2011;66,66666667
STRASBOURG;BAS-RHIN;BAC ES;2;4;4;2011;100
STRASBOURG;HAUT-RHIN;BAC S;1;58;69;2011;84,05797101
BESANCON;TERRITOIRE DE BELFORT;BAC L;1;13;14;2011;92,85714286
VERSAILLES;ESSONNE;BAC ES;1;205;255;2011;80,39215686
VERSAILLES;ESSONNE;BAC L;2;1;2;2011;50
VERSAILLES;ESSONNE;BAC S;1;1;5;2011;20
VERSAILLES;YVELINES;BAC S;1;500;518;2011;96,52509653
VERSAILLES;YVELINES;BAC L;1;191;235;2011;81,27659574
POITIERS;DEUX-SEVRES;BAC ES;1;85;101;2011;84,15841584
PARIS;PARIS;BAC ES;1;2;5;2011;40
AMIENS;SOMME;BAC S;2;4;7;2011;57,14285714
AMIENS;SOMME;BAC L;2;1;1;2011;100
GRENOBLE;SAVOIE;BAC L;1;19;19;2011;100
TOULOUSE;TARN;BAC S;2;166;174;2011;95,40229885
GRENOBLE;HAUTE SAVOIE;BAC S;2;2;6;2011;33,33333333
CRETEIL;VAL-DE-MARNE;BAC S;2;4;8;2011;50
VERSAILLES;HAUTS-DE-SEINE;BAC ES;2;5;14;2011;35,71428571
AIX-MARSEILLE;BOUCHES-DU-RHONE;BAC ES;1;1;8;2011;12,5
POITIERS;CHARENTE;BAC S;2;1;1;2011;100
GRENOBLE;ARDECHE;BAC L;2;197;224;2011;87,94642857
REIMS;AUBE;BAC L;1;2;3;2011;66,66666667
RENNES;FINISTERE;BAC L;2;59;64;2011;92,1875
BESANCON;DOUBS;BAC L;1;130;148;2011;87,83783784
GRENOBLE;DROME;BAC L;1;8;10;2011;80
POITIERS;CHARENTE-MARITIME;BAC L;2;1;3;2011;33,33333333
LIMOGES;CORREZE;BAC ES;1;23;33;2011;69,6969697
NICE;VAR;BAC L;2;7;16;2011;43,75
POITIERS;VIENNE;BAC S;2;664;712;2011;93,25842697
LIMOGES;HAUTE-VIENNE;BAC L;2;200;219;2011;91,32420091
RENNES;COTES D'ARMOR;BAC ES;1;1;2;2011;50
RENNES;COTES D'ARMOR;BAC L;1;3;3;2011;100
POITIERS;CHARENTE-MARITIME;BAC ES;2;11;11;2011;100
LIMOGES;CORREZE;BAC L;1;93;98;2011;94,89795918
DIJON;COTE D'OR;BAC ES;2;1173;1233;2011;95,13381995
GRENOBLE;SAVOIE;BAC ES;1;17;18;2011;94,44444444
LYON;RHONE;BAC S;2;14;15;2011;93,33333333
LYON;RHONE;BAC ES;2;3;4;2011;75
BESANCON;HAUTE-SAONE;BAC S;2;3;6;2011;50
BESANCON;HAUTE-SAONE;BAC ES;2;4;8;2011;50
NANTES;SARTHE;BAC ES;1;1;2;2011;50
DIJON;SAONE-ET-LOIRE;BAC ES;2;90;95;2011;94,73684211
DIJON;SAONE-ET-LOIRE;BAC L;1;3;7;2011;42,85714286
MONTPELLIER;AUDE;BAC ES;1;144;161;2011;89,44099379
NICE;ALPES-MARITIMES;BAC ES;2;502;524;2011;95,80152672
LYON;AIN;BAC ES;1;63;64;2011;98,4375
AMIENS;AISNE;BAC L;1;7;15;2011;46,66666667
AIX-MARSEILLE;HAUTES-ALPES;BAC L;1;1;7;2011;14,28571429
TOULOUSE;HAUTE-GARONNE;BAC L;1;790;931;2011;84,85499463
TOULOUSE;GERS;BAC S;1;65;72;2011;90,27777778
BORDEAUX;GIRONDE;BAC S;1;22;28;2011;78,57142857
BORDEAUX;GIRONDE;BAC ES;1;0;0;2011;#DIV/0!
BESANCON;JURA;BAC S;2;1;5;2011;20
BESANCON;JURA;BAC ES;2;232;259;2011;89,57528958
ORLEANS-TOURS;INDRE;BAC ES;1;1;3;2011;33,33333333
ORLEANS-TOURS;INDRE;BAC S;1;2;3;2011;66,66666667
NANTES;MAINE-ET-LOIRE;BAC S;2;1;1;2011;100
ORLEANS-TOURS;LOIRET;BAC ES;1;153;169;2011;90,53254438
ORLEANS-TOURS;LOIRET;BAC S;2;63;72;2011;87,5
NANTES;LOIRE-ATLANTIQUE;BAC ES;1;510;603;2011;84,57711443
BORDEAUX;LOT-ET-GARONNE;BAC S;2;1;4;2011;25
TOULOUSE;LOT;BAC ES;2;56;61;2011;91,80327869
MONTPELLIER;LOZERE;BAC S;2;1;1;2011;100
NANCY-METZ;MEUSE;BAC S;2;0;1;2011;0
NANCY-METZ;MEURTHE-ET-MOSELLE;BAC L;2;141;147;2011;95,91836735
RENNES;MORBIHAN;BAC ES;2;88;91;2011;96,7032967
REIMS;HAUTE-MARNE;BAC L;2;94;102;2011;92,15686275
DIJON;NIEVRE;BAC ES;2;46;48;2011;95,83333333
LA REUNION;LA REUNION;BAC ES;2;0;0;2011;#DIV/0!
LA REUNION;LA REUNION;BAC S;2;2;4;2011;50
CORSE;HAUTE-CORSE;BAC S;1;9;9;2011;100
CORSE;CORSE-DU-SUD;BAC S;1;18;18;2011;100
GUADELOUPE;GUADELOUPE;BAC ES;1;59;66;2011;89,39393939
MARTINIQUE;MARTINIQUE;BAC S;2;188;193;2011;97,40932642
GUYANE;GUYANE;BAC L;1;17;20;2011;85
GUYANE;GUYANE;BAC ES;2;9;9;2011;100
AMIENS;OISE;BAC ES;1;78;87;2011;89,65517241
CLERMONT-FERRAND;PUY-DE-DOME;BAC ES;1;2;3;2011;66,66666667
CAEN;ORNE;BAC ES;2;0;2;2011;0
MAYOTTE;MAYOTTE;BAC L;1;361;431;2011;83,7587007
BORDEAUX;PYRENEES-ATLANTIQUES;BAC L;1;30;36;2011;83,33333333
TOULOUSE;HAUTES-PYRENEES;BAC S;1;48;58;2011;82,75862069
TOULOUSE;HAUTES-PYRENEES;BAC L;2;46;49;2011;93,87755102
TOULOUSE;HAUTES-PYRENEES;BAC ES;2;0;0;2011;#DIV/0!
STRASBOURG;BAS-RHIN;BAC S;1;390;486;2011;80,24691358
STRASBOURG;BAS-RHIN;BAC L;2;313;402;2011;77,86069652
BESANCON;TERRITOIRE DE BELFORT;BAC ES;2;63;69;2011;91,30434783
DIJON;YONNE;BAC S;2;34;38;2011;89,47368421
TOULOUSE;TARN-ET-GARONNE;BAC S;1;7;8;2011;87,5
CLERMONT-FERRAND;CANTAL;BAC ES;1;1;1;2011;100
GRENOBLE;ARDECHE;BAC S;1;3;13;2011;23,07692308
GRENOBLE;ARDECHE;BAC ES;2;1;7;2011;14,28571429
RENNES;FINISTERE;BAC S;2;4;11;2011;36,36363636
GRENOBLE;DROME;BAC S;1;91;91;2011;100
ORLEANS-TOURS;EURE-ET-LOIR;BAC L;2;0;0;2011;#DIV/0!
ORLEANS-TOURS;EURE-ET-LOIR;BAC S;1;7;12;2011;58,33333333
AIX-MARSEILLE;VAUCLUSE;BAC L;2;156;164;2011;95,12195122
NANTES;VENDEE;BAC L;1;9;22;2011;40,90909091
DIJON;COTE D'OR;BAC S;2;5;7;2011;71,42857143
NANTES;SARTHE;BAC S;2;0;1;2011;0
NICE;ALPES-MARITIMES;BAC S;2;0;0;2011;#DIV/0!
LYON;AIN;BAC L;1;74;82;2011;90,24390244
STRASBOURG;HAUT-RHIN;BAC L;2;133;146;2011;91,09589041
CRETEIL;SEINE-SAINT-DENIS;BAC L;1;0;0;2011;#DIV/0!
CLERMONT-FERRAND;HAUTE-LOIRE;BAC S;2;356;385;2011;92,46753247
CAEN;MANCHE;BAC L;1;34;40;2011;85
MONTPELLIER;LOZERE;BAC ES;1;1;5;2011;20
MONTPELLIER;LOZERE;BAC L;2;3;5;2011;60
BORDEAUX;LOT-ET-GARONNE;BAC L;2;255;292;2011;87,32876712
CAEN;MANCHE;BAC ES;2;450;463;2011;97,19222462
REIMS;MARNE;BAC L;2;378;402;2011;94,02985075
REIMS;HAUTE-MARNE;BAC ES;2;160;173;2011;92,48554913
REIMS;MARNE;BAC S;1;596;659;2011;90,4400607
DIJON;NIEVRE;BAC S;2;220;243;2011;90,53497942
CORSE;HAUTE-CORSE;BAC L;1;72;84;2011;85,71428571
ROUEN;SEINE MARITIME;BAC S;1;15;16;2011;93,75
ROUEN;SEINE MARITIME;BAC L;1;37;42;2011;88,0952381
LA REUNION;LA REUNION;BAC L;2;40;40;2011;100
DIJON;YONNE;BAC ES;2;13;13;2011;100
CRETEIL;SEINE-SAINT-DENIS;BAC ES;1;4;4;2011;100
CAEN;CALVADOS;BAC S;1;1;2;2011;50
DIJON;COTE D'OR;BAC L;1;124;139;2011;89,20863309
NANCY-METZ;VOSGES;BAC L;2;42;43;2011;97,6744186
BESANCON;HAUTE-SAONE;BAC L;1;131;165;2011;79,39393939
TOULOUSE;HAUTE-GARONNE;BAC S;1;80;84;2011;95,23809524
CLERMONT-FERRAND;HAUTE-LOIRE;BAC ES;2;13;24;2011;54,16666667
NANCY-METZ;MEUSE;BAC ES;2;1048;1204;2011;87,04318937
BESANCON;TERRITOIRE DE BELFORT;BAC S;2;672;728;2011;92,30769231
CLERMONT-FERRAND;CANTAL;BAC L;1;290;297;2011;97,64309764
MAYOTTE;MAYOTTE;BAC ES;2;12;15;2011;80
RENNES;FINISTERE;BAC S;2;1115;1277;2012;87,31401723
ORLEANS-TOURS;EURE-ET-LOIR;BAC S;2;357;372;2012;95,96774194
POITIERS;CHARENTE-MARITIME;BAC S;1;1163;1319;2012;88,17285823
POITIERS;CHARENTE-MARITIME;BAC ES;1;5;10;2012;50
POITIERS;CHARENTE-MARITIME;BAC L;2;114;130;2012;87,69230769
BESANCON;DOUBS;BAC L;1;8;9;2012;88,88888889
GRENOBLE;DROME;BAC S;2;1;1;2012;100
BESANCON;DOUBS;BAC S;1;0;0;2012;#DIV/0!
LIMOGES;CORREZE;BAC ES;2;9;10;2012;90
GRENOBLE;DROME;BAC L;1;1;1;2012;100
DIJON;COTE D'OR;BAC S;1;1671;1847;2012;90,47103411
ROUEN;EURE;BAC S;2;1506;1628;2012;92,50614251
DIJON;COTE D'OR;BAC L;1;166;191;2012;86,91099476
RENNES;COTES D'ARMOR;BAC ES;1;841;868;2012;96,88940092
RENNES;COTES D'ARMOR;BAC S;1;21;46;2012;45,65217391
ROUEN;EURE;BAC L;2;626;668;2012;93,71257485
MONTPELLIER;LOZERE;BAC ES;1;86;95;2012;90,52631579
NANCY-METZ;MEUSE;BAC S;1;0;1;2012;0
NANCY-METZ;MEUSE;BAC ES;1;150;208;2012;72,11538462
NANTES;MAINE-ET-LOIRE;BAC L;2;212;218;2012;97,24770642
RENNES;MORBIHAN;BAC L;1;10;12;2012;83,33333333
NANTES;MAINE-ET-LOIRE;BAC S;2;1;2;2012;50
CAEN;MANCHE;BAC S;2;73;75;2012;97,33333333
NANCY-METZ;MOSELLE;BAC ES;1;45;48;2012;93,75
NANCY-METZ;MOSELLE;BAC S;2;2;6;2012;33,33333333
RENNES;MORBIHAN;BAC S;1;4;4;2012;100
RENNES;MORBIHAN;BAC ES;2;2;5;2012;40
REIMS;MARNE;BAC S;2;50;52;2012;96,15384615
REIMS;MARNE;BAC ES;1;4;4;2012;100
REIMS;MARNE;BAC L;1;3;4;2012;75
REIMS;HAUTE-MARNE;BAC ES;2;4;9;2012;44,44444444
NANTES;MAYENNE;BAC S;1;1;2;2012;50
NANTES;MAYENNE;BAC ES;1;10;26;2012;38,46153846
NANTES;MAYENNE;BAC L;2;486;512;2012;94,921875
NANTES;LOIRE-ATLANTIQUE;BAC S;2;2;3;2012;66,66666667
NANTES;LOIRE-ATLANTIQUE;BAC L;2;298;382;2012;78,0104712
BESANCON;JURA;BAC L;2;77;87;2012;88,50574713
BORDEAUX;LANDES;BAC S;1;240;254;2012;94,48818898
ORLEANS-TOURS;LOIR-ET-CHER;BAC L;2;75;78;2012;96,15384615
BORDEAUX;LANDES;BAC L;1;111;154;2012;72,07792208
ORLEANS-TOURS;LOIRET;BAC S;1;0;0;2012;#DIV/0!
LYON;LOIRE;BAC S;1;3;9;2012;33,33333333
LYON;LOIRE;BAC L;1;200;221;2012;90,49773756
LYON;LOIRE;BAC ES;1;1378;1427;2012;96,56622285
GRENOBLE;ISERE;BAC L;2;57;104;2012;54,80769231
MONTPELLIER;GARD;BAC S;1;25;51;2012;49,01960784
MONTPELLIER;GARD;BAC ES;1;357;370;2012;96,48648649
TOULOUSE;HAUTE-GARONNE;BAC ES;2;211;222;2012;95,04504505
ORLEANS-TOURS;EURE-ET-LOIR;BAC ES;2;1257;1418;2012;88,64598025
AMIENS;OISE;BAC S;1;4;4;2012;100
CAEN;ORNE;BAC S;2;1;1;2012;100
CORSE;CORSE-DU-SUD;BAC ES;2;201;217;2012;92,62672811
LILLE;PAS-DE-CALAIS;BAC ES;1;69;80;2012;86,25
CRETEIL;VAL-DE-MARNE;BAC L;2;11;12;2012;91,66666667
VERSAILLES;VAL-D'OISE;BAC L;2;1;1;2012;100
VERSAILLES;VAL-D'OISE;BAC S;1;0;1;2012;0
LILLE;NORD;BAC S;2;3;4;2012;75
VERSAILLES;YVELINES;BAC L;1;19;24;2012;79,16666667
CLERMONT-FERRAND;PUY-DE-DOME;BAC ES;1;653;756;2012;86,37566138
VERSAILLES;YVELINES;BAC ES;2;0;2;2012;0
BORDEAUX;PYRENEES-ATLANTIQUES;BAC ES;2;128;135;2012;94,81481481
AMIENS;SOMME;BAC L;2;427;430;2012;99,30232558
BORDEAUX;PYRENEES-ATLANTIQUES;BAC L;1;254;258;2012;98,4496124
TOULOUSE;HAUTES-PYRENEES;BAC S;1;20;39;2012;51,28205128
BORDEAUX;PYRENEES-ATLANTIQUES;BAC S;2;7;12;2012;58,33333333
TOULOUSE;HAUTES-PYRENEES;BAC L;1;3;5;2012;60
LILLE;PAS-DE-CALAIS;BAC S;2;1;1;2012;100
LILLE;PAS-DE-CALAIS;BAC L;1;1;1;2012;100
MONTPELLIER;HERAULT;BAC L;1;159;180;2012;88,33333333
TOULOUSE;GERS;BAC S;2;29;31;2012;93,5483871
BORDEAUX;GIRONDE;BAC L;1;35;40;2012;87,5
MONTPELLIER;GARD;BAC L;1;0;0;2012;#DIV/0!
POITIERS;DEUX-SEVRES;BAC ES;2;1;3;2012;33,33333333
POITIERS;DEUX-SEVRES;BAC S;2;0;1;2012;0
AMIENS;OISE;BAC ES;2;8;16;2012;50
CRETEIL;SEINE-ET-MARNE;BAC ES;1;244;282;2012;86,5248227
NANTES;MAINE-ET-LOIRE;BAC ES;1;0;1;2012;0
ORLEANS-TOURS;LOIRET;BAC L;2;150;160;2012;93,75
ORLEANS-TOURS;LOIRET;BAC ES;2;282;308;2012;91,55844156
BORDEAUX;LOT-ET-GARONNE;BAC L;1;23;30;2012;76,66666667
BORDEAUX;LOT-ET-GARONNE;BAC S;2;325;361;2012;90,02770083
MONTPELLIER;LOZERE;BAC L;1;0;0;2012;#DIV/0!
ORLEANS-TOURS;INDRE-ET-LOIRE;BAC ES;2;54;58;2012;93,10344828
MONTPELLIER;HERAULT;BAC ES;2;2;2;2012;100
MONTPELLIER;HERAULT;BAC S;2;609;620;2012;98,22580645
RENNES;ILLE-ET-VILAINE;BAC S;1;4;14;2012;28,57142857
ORLEANS-TOURS;INDRE;BAC ES;1;1;2;2012;50
CRETEIL;VAL-DE-MARNE;BAC ES;2;6;18;2012;33,33333333
DIJON;NIEVRE;BAC S;2;714;754;2012;94,69496021
DIJON;NIEVRE;BAC ES;1;31;33;2012;93,93939394
VERSAILLES;VAL-D'OISE;BAC ES;2;5;5;2012;100
CORSE;CORSE-DU-SUD;BAC S;1;1;1;2012;100
CORSE;HAUTE-CORSE;BAC S;2;560;600;2012;93,33333333
NANCY-METZ;MOSELLE;BAC L;1;0;0;2012;#DIV/0!
NANCY-METZ;MEURTHE-ET-MOSELLE;BAC S;1;3;7;2012;42,85714286
NANCY-METZ;MEURTHE-ET-MOSELLE;BAC ES;2;102;112;2012;91,07142857
ROUEN;SEINE MARITIME;BAC ES;2;152;171;2012;88,88888889
ROUEN;SEINE MARITIME;BAC L;1;37;42;2012;88,0952381
ROUEN;SEINE MARITIME;BAC S;1;189;216;2012;87,5
NANCY-METZ;VOSGES;BAC S;1;0;3;2012;0
BESANCON;TERRITOIRE DE BELFORT;BAC S;2;2;2;2012;100
BESANCON;TERRITOIRE DE BELFORT;BAC ES;2;13;13;2012;100
DIJON;YONNE;BAC ES;1;2;3;2012;66,66666667
NANTES;VENDEE;BAC ES;1;20;31;2012;64,51612903
NANTES;VENDEE;BAC S;1;130;139;2012;93,52517986
POITIERS;VIENNE;BAC ES;2;106;110;2012;96,36363636
LIMOGES;HAUTE-VIENNE;BAC S;1;21;32;2012;65,625
LIMOGES;HAUTE-VIENNE;BAC L;2;1;1;2012;100
POITIERS;VIENNE;BAC S;1;128;139;2012;92,08633094
LIMOGES;HAUTE-VIENNE;BAC ES;1;41;44;2012;93,18181818
AMIENS;AISNE;BAC L;1;0;0;2012;#DIV/0!
AIX-MARSEILLE;ALPES-DE-HTE-PROVENCE;BAC ES;2;2;4;2012;50
AMIENS;AISNE;BAC S;2;77;84;2012;91,66666667
AIX-MARSEILLE;ALPES-DE-HTE-PROVENCE;BAC L;1;0;1;2012;0
CLERMONT-FERRAND;ALLIER;BAC L;2;0;1;2012;0
CLERMONT-FERRAND;ALLIER;BAC S;2;1491;1684;2012;88,5391924
AIX-MARSEILLE;HAUTES-ALPES;BAC S;1;700;822;2012;85,15815085
NICE;ALPES-MARITIMES;BAC ES;2;880;990;2012;88,88888889
LYON;AIN;BAC S;2;0;1;2012;0
GRENOBLE;ARDECHE;BAC ES;1;293;307;2012;95,43973941
GRENOBLE;ARDECHE;BAC L;2;260;274;2012;94,89051095
GRENOBLE;ARDECHE;BAC S;2;19;27;2012;70,37037037
TOULOUSE;ARIEGE;BAC L;1;1;1;2012;100
TOULOUSE;ARIEGE;BAC S;2;62;68;2012;91,17647059
REIMS;AUBE;BAC S;1;1;4;2012;25
REIMS;AUBE;BAC L;2;202;231;2012;87,44588745
MONTPELLIER;AUDE;BAC S;1;3;4;2012;75
TOULOUSE;AVEYRON;BAC S;2;6;6;2012;100
TOULOUSE;AVEYRON;BAC L;1;69;77;2012;89,61038961
MONTPELLIER;AUDE;BAC L;2;3;4;2012;75
AIX-MARSEILLE;BOUCHES-DU-RHONE;BAC S;1;3;6;2012;50
AIX-MARSEILLE;BOUCHES-DU-RHONE;BAC ES;2;104;108;2012;96,2962963
TOULOUSE;AVEYRON;BAC ES;2;379;402;2012;94,27860697
NICE;ALPES-MARITIMES;BAC L;1;126;141;2012;89,36170213
CLERMONT-FERRAND;CANTAL;BAC L;1;5;7;2012;71,42857143
POITIERS;CHARENTE;BAC ES;1;0;0;2012;#DIV/0!
CLERMONT-FERRAND;CANTAL;BAC ES;1;135;148;2012;91,21621622
AIX-MARSEILLE;BOUCHES-DU-RHONE;BAC L;2;153;166;2012;92,1686747
CAEN;CALVADOS;BAC L;1;1;1;2012;100
RENNES;ILLE-ET-VILAINE;BAC ES;1;11;13;2012;84,61538462
LIMOGES;CORREZE;BAC L;1;1;3;2012;33,33333333
ORLEANS-TOURS;CHER;BAC S;2;2;2;2012;100
RENNES;COTES D'ARMOR;BAC L;2;68;70;2012;97,14285714
POITIERS;CHARENTE;BAC L;1;5;5;2012;100
LIMOGES;CREUSE;BAC S;2;23;23;2012;100
LIMOGES;CREUSE;BAC ES;2;416;437;2012;95,19450801
LA REUNION;LA REUNION;BAC L;2;0;3;2012;0
MAYOTTE;MAYOTTE;BAC ES;2;396;454;2012;87,2246696
LA REUNION;LA REUNION;BAC ES;2;74;88;2012;84,09090909
GUYANE;GUYANE;BAC ES;1;107;126;2012;84,92063492
LA REUNION;LA REUNION;BAC S;2;1262;1335;2012;94,53183521
STRASBOURG;HAUT-RHIN;BAC L;1;0;3;2012;0
STRASBOURG;HAUT-RHIN;BAC ES;2;0;0;2012;#DIV/0!
LYON;RHONE;BAC S;2;863;914;2012;94,42013129
MAYOTTE;MAYOTTE;BAC S;2;536;584;2012;91,78082192
MONTPELLIER;PYRENEES-ORIENTALES;BAC L;1;5;16;2012;31,25
STRASBOURG;BAS-RHIN;BAC S;1;157;167;2012;94,01197605
MARTINIQUE;MARTINIQUE;BAC S;1;92;100;2012;92
STRASBOURG;BAS-RHIN;BAC L;1;25;28;2012;89,28571429
STRASBOURG;BAS-RHIN;BAC ES;2;2;6;2012;33,33333333
CRETEIL;SEINE-SAINT-DENIS;BAC ES;1;12;32;2012;37,5
LYON;RHONE;BAC L;2;2;2;2012;100
CRETEIL;SEINE-SAINT-DENIS;BAC S;1;7;8;2012;87,5
LYON;RHONE;BAC ES;1;1;1;2012;100
DIJON;SAONE-ET-LOIRE;BAC L;1;5;13;2012;38,46153846
DIJON;SAONE-ET-LOIRE;BAC S;1;930;1009;2012;92,17046581
CRETEIL;SEINE-SAINT-DENIS;BAC L;1;0;2;2012;0
NICE;VAR;BAC ES;2;92;114;2012;80,70175439
NICE;VAR;BAC L;2;8;8;2012;100
AIX-MARSEILLE;VAUCLUSE;BAC S;2;247;291;2012;84,87972509
TOULOUSE;TARN;BAC S;2;0;0;2012;#DIV/0!
TOULOUSE;TARN;BAC ES;2;1;1;2012;100
TOULOUSE;TARN-ET-GARONNE;BAC S;2;183;194;2012;94,32989691
TOULOUSE;TARN-ET-GARONNE;BAC L;1;20;23;2012;86,95652174
NANTES;SARTHE;BAC ES;2;7;7;2012;100
NANTES;SARTHE;BAC L;1;1;2;2012;50
GRENOBLE;SAVOIE;BAC S;2;2;4;2012;50
GRENOBLE;SAVOIE;BAC ES;2;127;151;2012;84,10596026
PARIS;PARIS;BAC S;1;9;9;2012;100
VERSAILLES;ESSONNE;BAC S;2;2;2;2012;100
VERSAILLES;ESSONNE;BAC L;1;13;13;2012;100
VERSAILLES;ESSONNE;BAC ES;2;0;1;2012;0
VERSAILLES;HAUTS-DE-SEINE;BAC S;2;1;2;2012;50
GRENOBLE;SAVOIE;BAC L;2;229;232;2012;98,70689655
GRENOBLE;HAUTE SAVOIE;BAC L;2;491;515;2012;95,33980583
ORLEANS-TOURS;EURE-ET-LOIR;BAC L;1;123;139;2012;88,48920863
BORDEAUX;DORDOGNE;BAC ES;2;18;19;2012;94,73684211
BORDEAUX;DORDOGNE;BAC L;2;2;3;2012;66,66666667
BORDEAUX;DORDOGNE;BAC S;1;306;349;2012;87,67908309
BESANCON;DOUBS;BAC ES;2;163;175;2012;93,14285714
NANCY-METZ;MEURTHE-ET-MOSELLE;BAC L;1;0;0;2012;#DIV/0!
CAEN;MANCHE;BAC ES;2;9;9;2012;100
REIMS;HAUTE-MARNE;BAC S;1;3;3;2012;100
BESANCON;JURA;BAC S;1;112;119;2012;94,11764706
BESANCON;JURA;BAC ES;1;65;73;2012;89,04109589
BORDEAUX;LANDES;BAC ES;1;0;1;2012;0
ORLEANS-TOURS;LOIR-ET-CHER;BAC ES;2;0;0;2012;#DIV/0!
NANTES;LOIRE-ATLANTIQUE;BAC ES;2;2;2;2012;100
CLERMONT-FERRAND;HAUTE-LOIRE;BAC S;2;356;393;2012;90,58524173
CLERMONT-FERRAND;HAUTE-LOIRE;BAC L;1;382;427;2012;89,46135831
CLERMONT-FERRAND;HAUTE-LOIRE;BAC ES;2;1;3;2012;33,33333333
TOULOUSE;HAUTE-GARONNE;BAC L;2;102;122;2012;83,60655738
RENNES;FINISTERE;BAC L;1;0;1;2012;0
AMIENS;OISE;BAC L;1;14;14;2012;100
CORSE;CORSE-DU-SUD;BAC L;2;9;11;2012;81,81818182
CORSE;HAUTE-CORSE;BAC L;2;52;57;2012;91,22807018
GUADELOUPE;GUADELOUPE;BAC S;1;211;223;2012;94,61883408
LILLE;NORD;BAC ES;1;7;11;2012;63,63636364
VERSAILLES;YVELINES;BAC S;2;11;18;2012;61,11111111
AMIENS;SOMME;BAC ES;2;103;108;2012;95,37037037
CRETEIL;SEINE-ET-MARNE;BAC L;2;49;50;2012;98
CRETEIL;SEINE-ET-MARNE;BAC S;2;1;3;2012;33,33333333
BORDEAUX;GIRONDE;BAC ES;1;1;4;2012;25
BORDEAUX;GIRONDE;BAC S;2;105;119;2012;88,23529412
TOULOUSE;GERS;BAC ES;1;161;185;2012;87,02702703
CAEN;ORNE;BAC ES;2;0;1;2012;0
BORDEAUX;LOT-ET-GARONNE;BAC ES;1;1;1;2012;100
ORLEANS-TOURS;INDRE-ET-LOIRE;BAC S;2;3;5;2012;60
ORLEANS-TOURS;INDRE-ET-LOIRE;BAC L;1;1;3;2012;33,33333333
ORLEANS-TOURS;INDRE;BAC L;2;7;14;2012;50
CRETEIL;VAL-DE-MARNE;BAC S;2;246;273;2012;90,10989011
CORSE;HAUTE-CORSE;BAC ES;2;81;92;2012;88,04347826
DIJON;NIEVRE;BAC L;2;1;5;2012;20
REIMS;HAUTE-MARNE;BAC L;1;68;78;2012;87,17948718
DIJON;YONNE;BAC L;1;37;38;2012;97,36842105
DIJON;YONNE;BAC S;1;3;4;2012;75
NANCY-METZ;VOSGES;BAC ES;1;35;39;2012;89,74358974
BESANCON;TERRITOIRE DE BELFORT;BAC L;2;0;1;2012;0
NANTES;VENDEE;BAC L;2;100;101;2012;99,00990099
POITIERS;VIENNE;BAC L;2;5;8;2012;62,5
CLERMONT-FERRAND;ALLIER;BAC ES;1;2;7;2012;28,57142857
AIX-MARSEILLE;HAUTES-ALPES;BAC ES;2;6;12;2012;50
AIX-MARSEILLE;ALPES-DE-HTE-PROVENCE;BAC S;1;1;5;2012;20
LYON;AIN;BAC ES;1;123;170;2012;72,35294118
REIMS;ARDENNES;BAC ES;2;2;2;2012;100
REIMS;ARDENNES;BAC L;1;18;19;2012;94,73684211
TOULOUSE;ARIEGE;BAC ES;2;0;1;2012;0
REIMS;ARDENNES;BAC S;1;5;8;2012;62,5
POITIERS;CHARENTE;BAC S;2;16;17;2012;94,11764706
CAEN;CALVADOS;BAC S;1;9;10;2012;90
GRENOBLE;ISERE;BAC S;2;3;7;2012;42,85714286
ORLEANS-TOURS;CHER;BAC ES;1;21;26;2012;80,76923077
ORLEANS-TOURS;CHER;BAC L;1;0;0;2012;#DIV/0!
LIMOGES;CORREZE;BAC S;1;1;2;2012;50
DIJON;COTE D'OR;BAC ES;1;422;455;2012;92,74725275
GUADELOUPE;GUADELOUPE;BAC ES;2;416;453;2012;91,83222958
MARTINIQUE;MARTINIQUE;BAC ES;2;21;24;2012;87,5
MARTINIQUE;MARTINIQUE;BAC L;2;514;581;2012;88,46815835
CLERMONT-FERRAND;PUY-DE-DOME;BAC L;2;143;156;2012;91,66666667
STRASBOURG;HAUT-RHIN;BAC S;1;20;48;2012;41,66666667
MONTPELLIER;PYRENEES-ORIENTALES;BAC ES;2;79;82;2012;96,34146341
MONTPELLIER;PYRENEES-ORIENTALES;BAC S;2;983;1134;2012;86,68430335
BESANCON;HAUTE-SAONE;BAC L;2;205;207;2012;99,03381643
DIJON;SAONE-ET-LOIRE;BAC ES;1;26;26;2012;100
BESANCON;HAUTE-SAONE;BAC ES;1;1;5;2012;20
AIX-MARSEILLE;VAUCLUSE;BAC L;2;1007;1082;2012;93,06839187
NICE;VAR;BAC S;1;118;128;2012;92,1875
AIX-MARSEILLE;VAUCLUSE;BAC ES;1;8;26;2012;30,76923077
TOULOUSE;TARN;BAC L;2;13;14;2012;92,85714286
GRENOBLE;HAUTE SAVOIE;BAC S;1;9;9;2012;100
PARIS;PARIS;BAC ES;1;1;3;2012;33,33333333
VERSAILLES;HAUTS-DE-SEINE;BAC ES;1;1;1;2012;100
GRENOBLE;DROME;BAC ES;2;0;1;2012;0
LIMOGES;CREUSE;BAC L;2;1;1;2012;100
MONTPELLIER;LOZERE;BAC S;1;0;2;2012;0
NANCY-METZ;MEUSE;BAC L;2;3;7;2012;42,85714286
TOULOUSE;LOT;BAC ES;1;6;10;2012;60
GRENOBLE;ISERE;BAC ES;2;21;39;2012;53,84615385
RENNES;FINISTERE;BAC ES;1;12;39;2012;30,76923077
CAEN;ORNE;BAC L;1;723;813;2012;88,9298893
GUADELOUPE;GUADELOUPE;BAC L;1;4;6;2012;66,66666667
LILLE;NORD;BAC L;1;2;6;2012;33,33333333
POITIERS;DEUX-SEVRES;BAC L;2;3;8;2012;37,5
TOULOUSE;HAUTES-PYRENEES;BAC ES;2;101;104;2012;97,11538462
TOULOUSE;HAUTE-GARONNE;BAC S;2;25;26;2012;96,15384615
TOULOUSE;GERS;BAC L;2;296;327;2012;90,51987768
CAEN;MANCHE;BAC L;1;0;1;2012;0
TOULOUSE;LOT;BAC S;2;656;763;2012;85,97640891
TOULOUSE;LOT;BAC L;2;51;54;2012;94,44444444
RENNES;ILLE-ET-VILAINE;BAC L;1;16;18;2012;88,88888889
ORLEANS-TOURS;INDRE;BAC S;2;861;917;2012;93,89312977
AMIENS;AISNE;BAC ES;1;121;139;2012;87,05035971
NICE;ALPES-MARITIMES;BAC S;2;208;213;2012;97,65258216
LYON;AIN;BAC L;1;162;173;2012;93,6416185
REIMS;AUBE;BAC ES;2;264;298;2012;88,59060403
MONTPELLIER;AUDE;BAC ES;1;79;84;2012;94,04761905
CLERMONT-FERRAND;CANTAL;BAC S;1;3;6;2012;50
CAEN;CALVADOS;BAC ES;2;51;68;2012;75
ORLEANS-TOURS;LOIR-ET-CHER;BAC S;1;32;36;2012;88,88888889
GUYANE;GUYANE;BAC L;1;3;5;2012;60
MAYOTTE;MAYOTTE;BAC L;1;2;2;2012;100
TOULOUSE;TARN-ET-GARONNE;BAC ES;2;961;988;2012;97,26720648
NANTES;SARTHE;BAC S;1;195;291;2012;67,01030928
GRENOBLE;HAUTE SAVOIE;BAC ES;2;1;1;2012;100
VERSAILLES;HAUTS-DE-SEINE;BAC L;1;350;400;2012;87,5
AMIENS;SOMME;BAC S;2;722;829;2012;87,09288299
GUYANE;GUYANE;BAC S;2;1080;1247;2012;86,60785886
BESANCON;HAUTE-SAONE;BAC S;1;2;6;2012;33,33333333
PARIS;PARIS;BAC L;1;0;0;2012;#DIV/0!
ROUEN;EURE;BAC ES;1;131;160;2012;81,875
NANCY-METZ;VOSGES;BAC L;1;2;4;2012;50
CLERMONT-FERRAND;PUY-DE-DOME;BAC S;1;6;7;2012;85,71428571
AIX-MARSEILLE;HAUTES-ALPES;BAC L;2;576;654;2012;88,0733945
CRETEIL;VAL-DE-MARNE;BAC S;1;1;2;2013;50
CRETEIL;VAL-DE-MARNE;BAC ES;1;94;99;2013;94,94949495
CRETEIL;VAL-DE-MARNE;BAC L;2;160;165;2013;96,96969697
VERSAILLES;VAL-D'OISE;BAC S;2;0;2;2013;0
CRETEIL;SEINE-SAINT-DENIS;BAC S;1;1919;2185;2013;87,82608696
VERSAILLES;VAL-D'OISE;BAC L;2;809;881;2013;91,82746879
CRETEIL;SEINE-SAINT-DENIS;BAC L;1;164;188;2013;87,23404255
CRETEIL;SEINE-SAINT-DENIS;BAC ES;1;547;557;2013;98,20466786
LYON;AIN;BAC S;1;355;390;2013;91,02564103
AMIENS;AISNE;BAC L;1;43;55;2013;78,18181818
CLERMONT-FERRAND;ALLIER;BAC L;2;5;8;2013;62,5
AIX-MARSEILLE;HAUTES-ALPES;BAC L;1;7;14;2013;50
NICE;ALPES-MARITIMES;BAC L;1;0;2;2013;0
AMIENS;AISNE;BAC S;2;5;7;2013;71,42857143
CLERMONT-FERRAND;ALLIER;BAC S;1;37;41;2013;90,24390244
CLERMONT-FERRAND;ALLIER;BAC ES;1;0;1;2013;0
AIX-MARSEILLE;ALPES-DE-HTE-PROVENCE;BAC ES;2;2;3;2013;66,66666667
AMIENS;AISNE;BAC ES;1;12;13;2013;92,30769231
AIX-MARSEILLE;ALPES-DE-HTE-PROVENCE;BAC S;1;0;1;2013;0
GRENOBLE;ARDECHE;BAC L;2;0;3;2013;0
AIX-MARSEILLE;BOUCHES-DU-RHONE;BAC ES;2;2;2;2013;100
GRENOBLE;ARDECHE;BAC S;2;256;288;2013;88,88888889
TOULOUSE;ARIEGE;BAC S;1;36;42;2013;85,71428571
TOULOUSE;ARIEGE;BAC ES;1;429;459;2013;93,46405229
REIMS;AUBE;BAC L;2;317;336;2013;94,3452381
TOULOUSE;AVEYRON;BAC S;2;264;276;2013;95,65217391
TOULOUSE;AVEYRON;BAC L;2;1;2;2013;50
TOULOUSE;AVEYRON;BAC ES;2;3;7;2013;42,85714286
REIMS;AUBE;BAC ES;1;1;1;2013;100
REIMS;ARDENNES;BAC L;1;1;2;2013;50
NICE;ALPES-MARITIMES;BAC ES;1;298;305;2013;97,70491803
AIX-MARSEILLE;BOUCHES-DU-RHONE;BAC S;1;54;54;2013;100
CAEN;CALVADOS;BAC S;2;1372;1476;2013;92,95392954
POITIERS;CHARENTE;BAC L;1;275;287;2013;95,81881533
POITIERS;CHARENTE;BAC S;1;1;1;2013;100
POITIERS;CHARENTE;BAC ES;1;0;1;2013;0
AIX-MARSEILLE;BOUCHES-DU-RHONE;BAC L;1;1;3;2013;33,33333333
CAEN;CALVADOS;BAC ES;2;1;1;2013;100
CAEN;CALVADOS;BAC L;2;137;146;2013;93,83561644
POITIERS;CHARENTE-MARITIME;BAC S;2;7;15;2013;46,66666667
BORDEAUX;DORDOGNE;BAC S;1;602;677;2013;88,92171344
POITIERS;CHARENTE-MARITIME;BAC L;1;1;1;2013;100
RENNES;COTES D'ARMOR;BAC ES;2;40;42;2013;95,23809524
LIMOGES;CREUSE;BAC S;2;87;97;2013;89,69072165
POITIERS;CHARENTE-MARITIME;BAC ES;2;137;145;2013;94,48275862
DIJON;COTE D'OR;BAC S;2;791;859;2013;92,08381839
DIJON;COTE D'OR;BAC L;2;1;1;2013;100
ORLEANS-TOURS;CHER;BAC ES;1;16;16;2013;100
BORDEAUX;DORDOGNE;BAC L;2;1;5;2013;20
ORLEANS-TOURS;CHER;BAC L;1;1;1;2013;100
GRENOBLE;DROME;BAC ES;1;26;54;2013;48,14814815
GRENOBLE;DROME;BAC L;2;11;26;2013;42,30769231
RENNES;FINISTERE;BAC S;1;9;16;2013;56,25
ROUEN;EURE;BAC L;1;0;1;2013;0
ROUEN;EURE;BAC S;1;297;360;2013;82,5
ORLEANS-TOURS;EURE-ET-LOIR;BAC L;2;107;114;2013;93,85964912
BESANCON;DOUBS;BAC L;1;121;162;2013;74,69135802
BORDEAUX;GIRONDE;BAC S;2;0;1;2013;0
MONTPELLIER;GARD;BAC L;1;0;0;2013;#DIV/0!
TOULOUSE;HAUTE-GARONNE;BAC ES;1;14;17;2013;82,35294118
TOULOUSE;GERS;BAC ES;2;170;180;2013;94,44444444
BORDEAUX;GIRONDE;BAC ES;1;1;1;2013;100
TOULOUSE;GERS;BAC S;1;0;4;2013;0
MONTPELLIER;GARD;BAC ES;1;25;32;2013;78,125
MONTPELLIER;GARD;BAC S;2;0;1;2013;0
TOULOUSE;HAUTE-GARONNE;BAC S;2;1;2;2013;50
RENNES;FINISTERE;BAC ES;2;30;31;2013;96,77419355
MONTPELLIER;HERAULT;BAC ES;1;17;18;2013;94,44444444
MONTPELLIER;HERAULT;BAC S;1;16;18;2013;88,88888889
RENNES;ILLE-ET-VILAINE;BAC L;2;5;6;2013;83,33333333
BORDEAUX;GIRONDE;BAC L;1;167;178;2013;93,82022472
GRENOBLE;ISERE;BAC ES;1;47;48;2013;97,91666667
ORLEANS-TOURS;INDRE-ET-LOIRE;BAC L;1;0;1;2013;0
RENNES;ILLE-ET-VILAINE;BAC S;1;611;656;2013;93,1402439
ORLEANS-TOURS;INDRE-ET-LOIRE;BAC ES;2;512;536;2013;95,52238806
ORLEANS-TOURS;INDRE-ET-LOIRE;BAC S;1;75;85;2013;88,23529412
ORLEANS-TOURS;INDRE;BAC L;2;2;2;2013;100
ORLEANS-TOURS;INDRE;BAC S;2;0;1;2013;0
BESANCON;JURA;BAC L;2;572;635;2013;90,07874016
BORDEAUX;LANDES;BAC ES;2;4;6;2013;66,66666667
CLERMONT-FERRAND;HAUTE-LOIRE;BAC S;2;2;5;2013;40
BESANCON;JURA;BAC S;2;15;17;2013;88,23529412
BESANCON;JURA;BAC ES;2;41;43;2013;95,34883721
CLERMONT-FERRAND;HAUTE-LOIRE;BAC L;2;1;3;2013;33,33333333
ORLEANS-TOURS;LOIR-ET-CHER;BAC S;1;8;8;2013;100
BORDEAUX;LANDES;BAC S;2;2;6;2013;33,33333333
NANTES;LOIRE-ATLANTIQUE;BAC L;2;381;407;2013;93,61179361
TOULOUSE;LOT;BAC S;2;297;316;2013;93,98734177
NANTES;MAINE-ET-LOIRE;BAC S;1;10;10;2013;100
TOULOUSE;LOT;BAC ES;1;247;269;2013;91,82156134
BORDEAUX;LOT-ET-GARONNE;BAC L;1;8;8;2013;100
BORDEAUX;LOT-ET-GARONNE;BAC ES;2;2;5;2013;40
ORLEANS-TOURS;LOIRET;BAC ES;2;95;104;2013;91,34615385
RENNES;MORBIHAN;BAC S;1;12;12;2013;100
CAEN;MANCHE;BAC ES;1;303;339;2013;89,38053097
REIMS;MARNE;BAC S;2;2;3;2013;66,66666667
REIMS;MARNE;BAC ES;1;2;2;2013;100
REIMS;MARNE;BAC L;2;1;1;2013;100
NANTES;MAYENNE;BAC L;1;0;1;2013;0
NANCY-METZ;MEURTHE-ET-MOSELLE;BAC S;2;1;1;2013;100
NANCY-METZ;MEUSE;BAC S;2;525;579;2013;90,67357513
NANTES;MAYENNE;BAC ES;1;59;64;2013;92,1875
NANCY-METZ;MEUSE;BAC L;2;0;0;2013;#DIV/0!
CAEN;MANCHE;BAC S;2;13;14;2013;92,85714286
CAEN;MANCHE;BAC L;2;6;8;2013;75
REIMS;HAUTE-MARNE;BAC S;2;372;395;2013;94,17721519
NANCY-METZ;MOSELLE;BAC S;1;75;85;2013;88,23529412
NANCY-METZ;MOSELLE;BAC ES;1;17;18;2013;94,44444444
RENNES;MORBIHAN;BAC ES;2;20;20;2013;100
RENNES;MORBIHAN;BAC L;2;79;81;2013;97,5308642
DIJON;NIEVRE;BAC L;2;1;1;2013;100
LILLE;NORD;BAC L;1;2;2;2013;100
CAEN;ORNE;BAC ES;2;23;24;2013;95,83333333
CAEN;ORNE;BAC L;1;6;8;2013;75
TOULOUSE;HAUTES-PYRENEES;BAC ES;1;0;0;2013;#DIV/0!
LILLE;PAS-DE-CALAIS;BAC ES;2;2;2;2013;100
CLERMONT-FERRAND;PUY-DE-DOME;BAC ES;1;1;7;2013;14,28571429
BORDEAUX;PYRENEES-ATLANTIQUES;BAC ES;2;384;472;2013;81,3559322
TOULOUSE;HAUTES-PYRENEES;BAC S;1;0;0;2013;#DIV/0!
TOULOUSE;HAUTES-PYRENEES;BAC L;2;309;336;2013;91,96428571
LILLE;PAS-DE-CALAIS;BAC S;2;2;4;2013;50
MONTPELLIER;PYRENEES-ORIENTALES;BAC S;1;212;224;2013;94,64285714
CLERMONT-FERRAND;PUY-DE-DOME;BAC S;1;1;6;2013;16,66666667
CLERMONT-FERRAND;PUY-DE-DOME;BAC L;1;2;5;2013;40
LYON;RHONE;BAC L;1;2;2;2013;100
STRASBOURG;BAS-RHIN;BAC S;2;2;4;2013;50
LYON;RHONE;BAC S;2;49;55;2013;89,09090909
MONTPELLIER;PYRENEES-ORIENTALES;BAC ES;1;19;19;2013;100
STRASBOURG;BAS-RHIN;BAC L;1;0;0;2013;#DIV/0!
STRASBOURG;HAUT-RHIN;BAC ES;1;93;100;2013;93
STRASBOURG;HAUT-RHIN;BAC L;1;1;2;2013;50
MONTPELLIER;PYRENEES-ORIENTALES;BAC L;2;1;1;2013;100
DIJON;SAONE-ET-LOIRE;BAC ES;1;1460;1704;2013;85,68075117
NANTES;SARTHE;BAC ES;2;1212;1336;2013;90,71856287
DIJON;SAONE-ET-LOIRE;BAC S;1;614;727;2013;84,45667125
BESANCON;HAUTE-SAONE;BAC S;1;20;20;2013;100
BESANCON;HAUTE-SAONE;BAC L;1;2;2;2013;100
PARIS;PARIS;BAC ES;2;217;229;2013;94,75982533
GRENOBLE;SAVOIE;BAC S;1;1;5;2013;20
GRENOBLE;HAUTE SAVOIE;BAC L;2;1;2;2013;50
VERSAILLES;HAUTS-DE-SEINE;BAC L;1;0;5;2013;0
VERSAILLES;HAUTS-DE-SEINE;BAC S;1;5;7;2013;71,42857143
NICE;VAR;BAC ES;2;8;20;2013;40
VERSAILLES;YVELINES;BAC ES;2;13;18;2013;72,22222222
POITIERS;DEUX-SEVRES;BAC S;1;9;9;2013;100
AMIENS;SOMME;BAC ES;2;892;976;2013;91,39344262
TOULOUSE;TARN;BAC ES;2;130;141;2013;92,19858156
TOULOUSE;TARN;BAC S;1;20;23;2013;86,95652174
TOULOUSE;TARN-ET-GARONNE;BAC S;2;671;762;2013;88,05774278
NICE;VAR;BAC L;1;248;269;2013;92,19330855
VERSAILLES;YVELINES;BAC L;2;2;4;2013;50
VERSAILLES;YVELINES;BAC S;2;0;4;2013;0
LA REUNION;LA REUNION;BAC ES;2;159;181;2013;87,84530387
LA REUNION;LA REUNION;BAC L;1;1;4;2013;25
VERSAILLES;VAL-D'OISE;BAC ES;1;2;4;2013;50
CORSE;CORSE-DU-SUD;BAC S;1;255;291;2013;87,62886598
CORSE;HAUTE-CORSE;BAC L;1;68;78;2013;87,17948718
GUADELOUPE;GUADELOUPE;BAC ES;1;1;1;2013;100
GUADELOUPE;GUADELOUPE;BAC L;1;158;170;2013;92,94117647
LA REUNION;LA REUNION;BAC S;2;0;1;2013;0
CORSE;CORSE-DU-SUD;BAC L;2;123;126;2013;97,61904762
CORSE;HAUTE-CORSE;BAC ES;2;0;2;2013;0
GUYANE;GUYANE;BAC S;2;3;4;2013;75
MARTINIQUE;MARTINIQUE;BAC ES;1;1;1;2013;100
GUYANE;GUYANE;BAC ES;1;0;0;2013;#DIV/0!
CORSE;HAUTE-CORSE;BAC S;1;1;1;2013;100
NANCY-METZ;VOSGES;BAC L;2;1;1;2013;100
BESANCON;TERRITOIRE DE BELFORT;BAC S;2;290;338;2013;85,79881657
VERSAILLES;ESSONNE;BAC L;1;87;101;2013;86,13861386
LIMOGES;HAUTE-VIENNE;BAC L;1;0;1;2013;0
VERSAILLES;ESSONNE;BAC S;2;3;8;2013;37,5
LIMOGES;HAUTE-VIENNE;BAC ES;1;293;298;2013;98,32214765
DIJON;YONNE;BAC L;2;1;1;2013;100
BESANCON;TERRITOIRE DE BELFORT;BAC L;1;1005;1099;2013;91,44676979
ROUEN;SEINE MARITIME;BAC ES;2;928;973;2013;95,37512847
PARIS;PARIS;BAC L;2;719;789;2013;91,12801014
MAYOTTE;MAYOTTE;BAC L;1;17;19;2013;89,47368421
POLYNESIE FRANCAISE;POLYNESIE FRANCAISE;BAC L;2;1;2;2013;50
POLYNESIE FRANCAISE;POLYNESIE FRANCAISE;BAC S;1;46;51;2013;90,19607843
NANTES;VENDEE;BAC ES;1;12;12;2013;100
AIX-MARSEILLE;VAUCLUSE;BAC S;1;43;49;2013;87,75510204
CRETEIL;SEINE-ET-MARNE;BAC S;2;224;260;2013;86,15384615
POITIERS;VIENNE;BAC L;1;203;244;2013;83,19672131
AIX-MARSEILLE;VAUCLUSE;BAC ES;2;1;3;2013;33,33333333
AIX-MARSEILLE;VAUCLUSE;BAC L;2;3;8;2013;37,5
NICE;VAR;BAC S;1;0;2;2013;0
LIMOGES;HAUTE-VIENNE;BAC S;2;1;1;2013;100
POITIERS;VIENNE;BAC ES;2;1;1;2013;100
CRETEIL;SEINE-ET-MARNE;BAC ES;1;23;26;2013;88,46153846
NICE;ALPES-MARITIMES;BAC S;2;17;19;2013;89,47368421
LYON;AIN;BAC L;1;1;1;2013;100
AIX-MARSEILLE;HAUTES-ALPES;BAC S;1;42;45;2013;93,33333333
MONTPELLIER;AUDE;BAC ES;2;19;19;2013;100
MONTPELLIER;AUDE;BAC L;1;1;1;2013;100
TOULOUSE;ARIEGE;BAC L;1;26;27;2013;96,2962963
MONTPELLIER;AUDE;BAC S;1;3;4;2013;75
REIMS;ARDENNES;BAC S;2;422;436;2013;96,78899083
REIMS;AUBE;BAC S;1;67;78;2013;85,8974359
CLERMONT-FERRAND;CANTAL;BAC S;1;3;8;2013;37,5
CLERMONT-FERRAND;CANTAL;BAC L;2;28;33;2013;84,84848485
CLERMONT-FERRAND;CANTAL;BAC ES;1;7;8;2013;87,5
BESANCON;DOUBS;BAC S;1;0;1;2013;0
RENNES;COTES D'ARMOR;BAC L;1;0;1;2013;0
BORDEAUX;DORDOGNE;BAC ES;2;0;1;2013;0
ORLEANS-TOURS;CHER;BAC S;1;9;21;2013;42,85714286
RENNES;COTES D'ARMOR;BAC S;1;9;16;2013;56,25
LIMOGES;CREUSE;BAC ES;2;8;18;2013;44,44444444
LIMOGES;CREUSE;BAC L;1;5;9;2013;55,55555556
DIJON;COTE D'OR;BAC ES;2;3;5;2013;60
LIMOGES;CORREZE;BAC L;1;6;6;2013;100
LIMOGES;CORREZE;BAC S;2;0;1;2013;0
ROUEN;EURE;BAC ES;2;2;2;2013;100
RENNES;FINISTERE;BAC L;1;239;260;2013;91,92307692
BESANCON;DOUBS;BAC ES;2;1;2;2013;50
GRENOBLE;DROME;BAC S;1;1;3;2013;33,33333333
ORLEANS-TOURS;EURE-ET-LOIR;BAC ES;1;2;2;2013;100
TOULOUSE;GERS;BAC L;2;0;1;2013;0
TOULOUSE;HAUTE-GARONNE;BAC L;1;0;2;2013;0
MONTPELLIER;HERAULT;BAC L;1;40;51;2013;78,43137255
GRENOBLE;ISERE;BAC L;1;7;14;2013;50
ORLEANS-TOURS;INDRE;BAC ES;2;6;17;2013;35,29411765
NANTES;LOIRE-ATLANTIQUE;BAC S;2;0;1;2013;0
LYON;LOIRE;BAC S;2;9;9;2013;100
LYON;LOIRE;BAC L;2;2;4;2013;50
ORLEANS-TOURS;LOIR-ET-CHER;BAC L;2;7;8;2013;87,5
BORDEAUX;LANDES;BAC L;2;62;67;2013;92,53731343
ORLEANS-TOURS;LOIR-ET-CHER;BAC ES;1;0;0;2013;#DIV/0!
NANTES;LOIRE-ATLANTIQUE;BAC ES;2;0;1;2013;0
ORLEANS-TOURS;LOIRET;BAC S;2;11;13;2013;84,61538462
NANTES;MAINE-ET-LOIRE;BAC L;2;1;3;2013;33,33333333
NANTES;MAINE-ET-LOIRE;BAC ES;1;1;2;2013;50
BORDEAUX;LOT-ET-GARONNE;BAC S;2;1;1;2013;100
MONTPELLIER;LOZERE;BAC L;1;199;229;2013;86,89956332
REIMS;HAUTE-MARNE;BAC L;2;96;113;2013;84,95575221
NANCY-METZ;MEURTHE-ET-MOSELLE;BAC L;2;3;5;2013;60
NANTES;MAYENNE;BAC S;2;4;7;2013;57,14285714
REIMS;HAUTE-MARNE;BAC ES;2;104;109;2013;95,41284404
NANCY-METZ;MEURTHE-ET-MOSELLE;BAC ES;2;83;94;2013;88,29787234
NANCY-METZ;MEUSE;BAC ES;2;40;47;2013;85,10638298
LILLE;NORD;BAC ES;2;3;5;2013;60
NANCY-METZ;MOSELLE;BAC L;2;365;425;2013;85,88235294
AMIENS;OISE;BAC S;2;419;484;2013;86,57024793
LILLE;NORD;BAC S;1;34;39;2013;87,17948718
CAEN;ORNE;BAC S;2;587;706;2013;83,14447592
AMIENS;OISE;BAC L;2;242;245;2013;98,7755102
BORDEAUX;PYRENEES-ATLANTIQUES;BAC L;1;24;26;2013;92,30769231
BORDEAUX;PYRENEES-ATLANTIQUES;BAC S;2;0;2;2013;0
STRASBOURG;BAS-RHIN;BAC ES;2;0;3;2013;0
BESANCON;HAUTE-SAONE;BAC ES;1;10;19;2013;52,63157895
NANTES;SARTHE;BAC S;1;5;10;2013;50
DIJON;SAONE-ET-LOIRE;BAC L;2;15;32;2013;46,875
GRENOBLE;HAUTE SAVOIE;BAC ES;2;9;26;2013;34,61538462
GRENOBLE;SAVOIE;BAC ES;1;129;153;2013;84,31372549
PARIS;PARIS;BAC S;1;420;462;2013;90,90909091
GRENOBLE;SAVOIE;BAC L;2;420;457;2013;91,90371991
NANTES;SARTHE;BAC L;1;167;188;2013;88,82978723
GRENOBLE;HAUTE SAVOIE;BAC S;2;2;2;2013;100
POITIERS;DEUX-SEVRES;BAC L;1;390;446;2013;87,44394619
AMIENS;SOMME;BAC S;1;1;10;2013;10
POITIERS;DEUX-SEVRES;BAC ES;2;10;16;2013;62,5
TOULOUSE;TARN-ET-GARONNE;BAC L;1;14;15;2013;93,33333333
AMIENS;SOMME;BAC L;2;0;2;2013;0
TOULOUSE;TARN;BAC L;2;105;113;2013;92,92035398
MARTINIQUE;MARTINIQUE;BAC L;2;3;6;2013;50
GUADELOUPE;GUADELOUPE;BAC S;2;644;658;2013;97,87234043
GUYANE;GUYANE;BAC L;2;14;17;2013;82,35294118
DIJON;YONNE;BAC ES;1;1;4;2013;25
VERSAILLES;ESSONNE;BAC ES;1;499;658;2013;75,83586626
NANCY-METZ;VOSGES;BAC S;2;18;40;2013;45
ROUEN;SEINE MARITIME;BAC S;1;9;21;2013;42,85714286
ROUEN;SEINE MARITIME;BAC L;2;569;617;2013;92,22042139
MAYOTTE;MAYOTTE;BAC ES;1;56;62;2013;90,32258065
NANTES;VENDEE;BAC S;2;96;99;2013;96,96969697
AIX-MARSEILLE;ALPES-DE-HTE-PROVENCE;BAC L;1;0;1;2013;0
LYON;AIN;BAC ES;1;25;26;2013;96,15384615
AIX-MARSEILLE;HAUTES-ALPES;BAC ES;2;0;1;2013;0
GRENOBLE;ARDECHE;BAC ES;1;2;3;2013;66,66666667
ORLEANS-TOURS;EURE-ET-LOIR;BAC S;2;1082;1133;2013;95,49867608
GRENOBLE;ISERE;BAC S;1;14;15;2013;93,33333333
LYON;LOIRE;BAC ES;1;13;14;2013;92,85714286
ORLEANS-TOURS;LOIRET;BAC L;2;6;6;2013;100
TOULOUSE;LOT;BAC L;2;5;5;2013;100
MONTPELLIER;LOZERE;BAC ES;2;4;6;2013;66,66666667
DIJON;NIEVRE;BAC ES;1;202;225;2013;89,77777778
AMIENS;OISE;BAC ES;2;152;158;2013;96,20253165
LILLE;PAS-DE-CALAIS;BAC L;2;3;11;2013;27,27272727
LYON;RHONE;BAC ES;2;615;643;2013;95,64541213
TOULOUSE;TARN-ET-GARONNE;BAC ES;1;55;59;2013;93,22033898
CORSE;CORSE-DU-SUD;BAC ES;1;25;31;2013;80,64516129
MARTINIQUE;MARTINIQUE;BAC S;1;388;464;2013;83,62068966
DIJON;YONNE;BAC S;2;230;248;2013;92,74193548
POLYNESIE FRANCAISE;POLYNESIE FRANCAISE;BAC ES;2;116;128;2013;90,625
CRETEIL;SEINE-ET-MARNE;BAC L;1;22;27;2013;81,48148148
NANTES;VENDEE;BAC L;2;1393;1689;2013;82,47483718
POITIERS;VIENNE;BAC S;2;2;5;2013;40
REIMS;ARDENNES;BAC ES;1;7;17;2013;41,17647059
CLERMONT-FERRAND;HAUTE-LOIRE;BAC ES;2;19;36;2013;52,77777778
MONTPELLIER;LOZERE;BAC S;1;81;84;2013;96,42857143
DIJON;NIEVRE;BAC S;2;6;12;2013;50
STRASBOURG;HAUT-RHIN;BAC S;1;2168;2480;2013;87,41935484
VERSAILLES;HAUTS-DE-SEINE;BAC ES;2;5;21;2013;23,80952381
BESANCON;TERRITOIRE DE BELFORT;BAC ES;2;23;53;2013;43,39622642
NANCY-METZ;VOSGES;BAC ES;2;43;70;2013;61,42857143
LIMOGES;CORREZE;BAC ES;1;167;202;2013;82,67326733
RENNES;ILLE-ET-VILAINE;BAC ES;2;115;124;2013;92,74193548
MAYOTTE;MAYOTTE;BAC S;1;3;7;2013;42,85714286
